Date,Narration,Chq./Ref.No.,Value Dt,Withdrawal Amt.,Deposit Amt.,Closing Balance
01/11/25,NEFT-HDFC0001234-ABC TECHNOLOGIES PVT LTD-SALARY NOV25-N100000001,N100000001,01/11/25,,85000.00,135000.00
01/11/25,POS 480472 HP PETROL CHEMBUR MUMBAI,N100000002,01/11/25,149.00,,134851.00
01/11/25,POS 208299 KFC POWAI MUMBAI CARD XX9341,N100000003,01/11/25,249.00,,134602.00
01/11/25,POS 284971 STARBUCKS BANDRA MUMBAI,N100000004,01/11/25,499.00,,134103.00
01/11/25,UPI-AIRTEL-airtel@ybl-YESBANK-100000005,N100000005,01/11/25,199.00,,133904.00
02/11/25,BBPS/BROADBAND/ACT FIBERNET/00000006,N100000006,02/11/25,349.00,,133555.00
02/11/25,POS 824713 BHARAT PETROLEUM MUMBAI,N100000007,02/11/25,99.00,,133456.00
02/11/25,POS 478544 FLIPKART PAYMENTS MUMBAI CARD XX5511,N100000008,02/11/25,1899.00,,131557.00
02/11/25,UPI-NETMEDS-netmeds@ybl-PAYTMBANK-100000009,N100000009,02/11/25,299.00,,131258.00
03/11/25,BBPS/ELECTRICITY/TATA POWER MUMBAI/00000010,N100000010,03/11/25,1899.00,,129359.00
03/11/25,POS 375307 HALDIRAMS PHOENIX MUMBAI,N100000011,03/11/25,1899.00,,127460.00
03/11/25,POS 709154 PVR CINEMAS MUMBAI CARD XX6336,N100000012,03/11/25,499.00,,126961.00
03/11/25,POS 795803 RELIANCE FRESH GHATKOPAR MUMBAI,N100000013,03/11/25,199.00,,126762.00
04/11/25,BBPS/BROADBAND/ACT FIBERNET/00000014,N100000014,04/11/25,2499.00,,124263.00
04/11/25,POS 771992 PVR CINEMAS MUMBAI CARD XX1066,N100000015,04/11/25,99.00,,124164.00
04/11/25,UPI-BIGBASKET-bigbasket@ybl-PAYTMBANK-100000016,N100000016,04/11/25,349.00,,123815.00
04/11/25,UPI-VI-vi@ibl-HDFCBANK-100000017,N100000017,04/11/25,199.00,,123616.00
05/11/25,POS 523949 APOLLO PHARMACY BANDRA MUMBAI,N100000018,05/11/25,199.00,,123417.00
05/11/25,POS 886961 CCD LINKING RD MUMBAI,N100000019,05/11/25,299.00,,123118.00
05/11/25,NEFT DR-SBIN0012345-KUMAR LANDLORD-RENT NOV25-N100000020,N100000020,05/11/25,18000.00,,105118.00
05/11/25,UPI-BOOKMYSHOW-bms@icici-ICICIBANK-100000021,N100000021,05/11/25,49.00,,105069.00
05/11/25,UPI-ZOMATO-zomato@paytm-YESBANK-000022,N100000022,05/11/25,299.00,,104770.00
06/11/25,ECOM MYNTRA.COM CARD XXXX2686,N100000023,06/11/25,1299.00,,103471.00
06/11/25,POS 986289 PVR CINEMAS MUMBAI CARD XX2215,N100000024,06/11/25,149.00,,103322.00
06/11/25,UPI-AIRTEL-airtel@ybl-YESBANK-100000025,N100000025,06/11/25,49.00,,103273.00
06/11/25,UPI-OLA-ola@ybl-PAYTMBANK-100000026,N100000026,06/11/25,49.00,,103224.00
07/11/25,UPI-AIRTEL-airtel@ybl-YESBANK-100000027,N100000027,07/11/25,1899.00,,101325.00
07/11/25,UPI-BIGBASKET-bigbasket@ybl-PAYTMBANK-100000028,N100000028,07/11/25,99.00,,101226.00
07/11/25,UPI-NETMEDS-netmeds@ybl-PAYTMBANK-100000029,N100000029,07/11/25,149.00,,101077.00
07/11/25,UPI-OLA-ola@ybl-PAYTMBANK-100000030,N100000030,07/11/25,349.00,,100728.00
08/11/25,UPI-ACT FIBERNET-act@axisbank-AXISBANK-ACT987654,N100000031,08/11/25,999.00,,99729.00
08/11/25,POS 763577 KFC POWAI MUMBAI CARD XX4741,N100000032,08/11/25,49.00,,99680.00
08/11/25,POS 743887 RELIANCE FRESH GHATKOPAR MUMBAI,N100000033,08/11/25,149.00,,99531.00
08/11/25,UPI-SWIGGY-swiggy@ybl-PAYTMBANK-000034,N100000034,08/11/25,99.00,,99432.00
08/11/25,UPI-PHARMEASY-pharmeasy@ibl-HDFCBANK-100000035,N100000035,08/11/25,799.00,,98633.00
09/11/25,POS 713088 APOLLO PHARMACY BANDRA MUMBAI,N100000036,09/11/25,1899.00,,96734.00
09/11/25,POS 980194 INOX R CITY MUMBAI,N100000037,09/11/25,99.00,,96635.00
09/11/25,UPI-JIO-jio@paytm-PAYTMBANK-100000038,N100000038,09/11/25,799.00,,95836.00
09/11/25,UPI-UBER-uber@axisbank-AXISBANK-100000039,N100000039,09/11/25,1899.00,,93937.00
10/11/25,BBPS/ADANI ELECTRICITY MUMBAI/N100000040,N100000040,10/11/25,3390.00,,90547.00
10/11/25,POS 293558 INOX R CITY MUMBAI,N100000041,10/11/25,149.00,,90398.00
10/11/25,POS 755007 INDIAN OIL VILE PARLE MUMBAI,N100000042,10/11/25,199.00,,90199.00
10/11/25,POS 774472 RELIANCE FRESH GHATKOPAR MUMBAI,N100000043,10/11/25,299.00,,89900.00
10/11/25,POS 864485 STARBUCKS BANDRA MUMBAI,N100000044,10/11/25,149.00,,89751.00
11/11/25,POS 137285 MCDONALDS ANDHERI W MUMBAI,N100000045,11/11/25,799.00,,88952.00
11/11/25,POS 611621 MCDONALDS ANDHERI W MUMBAI,N100000046,11/11/25,199.00,,88753.00
11/11/25,UPI-JIO-jio@paytm-PAYTMBANK-100000047,N100000047,11/11/25,499.00,,88254.00
11/11/25,UPI-VI-vi@ibl-HDFCBANK-100000048,N100000048,11/11/25,99.00,,88155.00
12/11/25,BBPS/ELECTRICITY/ADANI ELECTRICITY MUMBAI/00000049,N100000049,12/11/25,99.00,,88056.00
12/11/25,ECOM MYNTRA.COM CARD XXXX9553,N100000050,12/11/25,499.00,,87557.00
12/11/25,UPI-NETFLIX-netflix@icici-ICICIBANK-NFLX001,N100000051,12/11/25,499.00,,87058.00
12/11/25,UPI-BIGBASKET-bigbasket@ybl-PAYTMBANK-100000052,N100000052,12/11/25,1899.00,,85159.00
12/11/25,UPI-BIGBASKET-bigbasket@ybl-PAYTMBANK-100000053,N100000053,12/11/25,149.00,,85010.00
13/11/25,BBPS/ELECTRICITY/ADANI ELECTRICITY MUMBAI/00000054,N100000054,13/11/25,199.00,,84811.00
13/11/25,POS 700611 BHARAT PETROLEUM MUMBAI,N100000055,13/11/25,349.00,,84462.00
13/11/25,POS 690205 CCD LINKING RD MUMBAI,N100000056,13/11/25,249.00,,84213.00
13/11/25,POS 680220 HALDIRAMS PHOENIX MUMBAI,N100000057,13/11/25,799.00,,83414.00
14/11/25,BBPS/BROADBAND/ACT FIBERNET/00000058,N100000058,14/11/25,1299.00,,82115.00
14/11/25,POS 409641 APOLLO PHARMACY BANDRA MUMBAI,N100000059,14/11/25,1899.00,,80216.00
14/11/25,POS 349274 INDIAN OIL VILE PARLE MUMBAI,N100000060,14/11/25,49.00,,80167.00
14/11/25,UPI-SWIGGY-swiggy@ybl-PAYTMBANK-000061,N100000061,14/11/25,1899.00,,78268.00
15/11/25,POS 200486 DOMINOS ANDHERI W MUMBAI CARD XX2296,N100000062,15/11/25,299.00,,77969.00
15/11/25,POS 544488 FLIPKART PAYMENTS MUMBAI CARD XX3970,N100000063,15/11/25,249.00,,77720.00
15/11/25,POS 547077 HP PETROL CHEMBUR MUMBAI,N100000064,15/11/25,799.00,,76921.00
15/11/25,UPI-SPOTIFY-spotify@ybl-PAYTMBANK-SPT002,N100000065,15/11/25,119.00,,76802.00
15/11/25,UPI-NETMEDS-netmeds@ybl-PAYTMBANK-100000066,N100000066,15/11/25,1899.00,,74903.00
16/11/25,BBPS/ELECTRICITY/ADANI ELECTRICITY MUMBAI/00000067,N100000067,16/11/25,299.00,,74604.00
16/11/25,POS 819618 DMART POWAI MUMBAI,N100000068,16/11/25,299.00,,74305.00
16/11/25,UPI-AIRTEL-airtel@ybl-YESBANK-100000069,N100000069,16/11/25,349.00,,73956.00
16/11/25,UPI-ZOMATO-zomato@paytm-YESBANK-000070,N100000070,16/11/25,149.00,,73807.00
17/11/25,BBPS/BROADBAND/ACT FIBERNET/00000071,N100000071,17/11/25,1899.00,,71908.00
17/11/25,POS 225991 KFC POWAI MUMBAI CARD XX4890,N100000072,17/11/25,199.00,,71709.00
17/11/25,POS 696868 MCDONALDS ANDHERI W MUMBAI,N100000073,17/11/25,2499.00,,69210.00
17/11/25,UPI-AMAZON PAY-amazonpay@icici-ICICIBANK-100000074,N100000074,17/11/25,799.00,,68411.00
18/11/25,UPI-CRYPTOX EXCHANGE DUBAI-cryptox@ybl-YESBANK-CRX882211,N100000075,18/11/25,52000.00,,16411.00
18/11/25,BBPS/ELECTRICITY/TATA POWER MUMBAI/00000076,N100000076,18/11/25,99.00,,16312.00
18/11/25,POS 500862 HALDIRAMS PHOENIX MUMBAI,N100000077,18/11/25,149.00,,16163.00
18/11/25,UPI-AMAZON PAY-amazonpay@icici-ZZZ345678,N100000078,18/11/25,299.00,,15864.00
18/11/25,UPI-AIRTEL-airtel@ybl-YESBANK-100000079,N100000079,18/11/25,49.00,,15815.00
18/11/25,UPI-OLA-ola@ybl-PAYTMBANK-100000080,N100000080,18/11/25,1899.00,,13916.00
19/11/25,POS 297370 BHARAT PETROLEUM MUMBAI,N100000081,19/11/25,149.00,,13767.00
19/11/25,POS 113135 HP PETROL CHEMBUR MUMBAI,N100000082,19/11/25,1899.00,,11868.00
19/11/25,POS 823561 INOX R CITY MUMBAI,N100000083,19/11/25,1899.00,,9969.00
19/11/25,UPI-AIRTEL-airtel@ybl-YESBANK-100000084,N100000084,19/11/25,799.00,,9170.00
20/11/25,BBPS/ELECTRICITY/ADANI ELECTRICITY MUMBAI/00000085,N100000085,20/11/25,249.00,,8921.00
20/11/25,ECOM MYNTRA.COM CARD XXXX6055,N100000086,20/11/25,199.00,,8722.00
20/11/25,UPI-HOTSTAR-hotstar@paytm-PAYTM-HTS003,N100000087,20/11/25,299.00,,8423.00
20/11/25,POS 971756 APOLLO PHARMACY BANDRA MUMBAI,N100000088,20/11/25,799.00,,7624.00
20/11/25,POS 986783 RELIANCE FRESH GHATKOPAR MUMBAI,N100000089,20/11/25,2499.00,,5125.00
21/11/25,POS 461832 APOLLO PHARMACY BANDRA MUMBAI,N100000090,21/11/25,249.00,,4876.00
21/11/25,POS 220704 DOMINOS ANDHERI W MUMBAI CARD XX9282,N100000091,21/11/25,199.00,,4677.00
21/11/25,POS 820840 MCDONALDS ANDHERI W MUMBAI,N100000092,21/11/25,1299.00,,3378.00
21/11/25,POS 876179 PVR CINEMAS MUMBAI CARD XX9158,N100000093,21/11/25,199.00,,3179.00
22/11/25,BBPS/ELECTRICITY/TATA POWER MUMBAI/00000094,N100000094,22/11/25,2499.00,,680.00
22/11/25,POS 149521 BHARAT PETROLEUM MUMBAI,N100000095,22/11/25,49.00,,631.00
22/11/25,POS 452541 INOX R CITY MUMBAI,N100000096,22/11/25,499.00,,132.00
22/11/25,POS 894092 MCDONALDS ANDHERI W MUMBAI,N100000097,22/11/25,249.00,,-117.00
23/11/25,POS 719734 APOLLO PHARMACY BANDRA MUMBAI,N100000098,23/11/25,1299.00,,-1416.00
23/11/25,POS 992630 MCDONALDS ANDHERI W MUMBAI,N100000099,23/11/25,49.00,,-1465.00
23/11/25,UPI-BIGBASKET-bigbasket@ybl-PAYTMBANK-100000100,N100000100,23/11/25,1299.00,,-2764.00
23/11/25,UPI-BOOKMYSHOW-bms@icici-ICICIBANK-100000101,N100000101,23/11/25,499.00,,-3263.00
24/11/25,POS 984733 HALDIRAMS PHOENIX MUMBAI,N100000102,24/11/25,2499.00,,-5762.00
24/11/25,POS 783744 MCDONALDS ANDHERI W MUMBAI,N100000103,24/11/25,49.00,,-5811.00
24/11/25,UPI-BIGBASKET-bigbasket@ybl-PAYTMBANK-100000104,N100000104,24/11/25,1299.00,,-7110.00
24/11/25,UPI-OLA-ola@ybl-PAYTMBANK-100000105,N100000105,24/11/25,499.00,,-7609.00
25/11/25,POS 927581 INOX R CITY MUMBAI,N100000106,25/11/25,299.00,,-7908.00
25/11/25,POS 964590 KFC POWAI MUMBAI CARD XX9522,N100000107,25/11/25,149.00,,-8057.00
25/11/25,POS 888759 STARBUCKS BANDRA MUMBAI,N100000108,25/11/25,1299.00,,-9356.00
25/11/25,UPI-NETMEDS-netmeds@ybl-PAYTMBANK-100000109,N100000109,25/11/25,2499.00,,-11855.00
26/11/25,ECOM MYNTRA.COM CARD XXXX8107,N100000110,26/11/25,49.00,,-11904.00
26/11/25,POS 160407 BHARAT PETROLEUM MUMBAI,N100000111,26/11/25,1899.00,,-13803.00
26/11/25,POS 535945 FLIPKART PAYMENTS MUMBAI CARD XX4552,N100000112,26/11/25,299.00,,-14102.00
26/11/25,UPI-BOOKMYSHOW-bms@icici-ICICIBANK-100000113,N100000113,26/11/25,99.00,,-14201.00
27/11/25,NEFT DR-SBIN0099001-OFFSHORE REMIT TEST-N776655443,N100000114,27/11/25,89000.00,,-103201.00
27/11/25,POS 586531 CCD LINKING RD MUMBAI,N100000115,27/11/25,199.00,,-103400.00
27/11/25,POS 592867 HP PETROL CHEMBUR MUMBAI,N100000116,27/11/25,1899.00,,-105299.00
27/11/25,POS 297775 HP PETROL CHEMBUR MUMBAI,N100000117,27/11/25,499.00,,-105798.00
27/11/25,UPI-RAPIDO-rapido@ibl-HDFCBANK-100000118,N100000118,27/11/25,149.00,,-105947.00
28/11/25,POS 628835 CCD LINKING RD MUMBAI,N100000119,28/11/25,1299.00,,-107246.00
28/11/25,POS 974015 FORTIS HOSPITAL MULUND MUMBAI,N100000120,28/11/25,199.00,,-107445.00
28/11/25,POS 845465 HP PETROL CHEMBUR MUMBAI,N100000121,28/11/25,799.00,,-108244.00
28/11/25,UPI-UBER-uber@axisbank-AXISBANK-100000122,N100000122,28/11/25,49.00,,-108293.00
29/11/25,POS 483276 FORTIS HOSPITAL MULUND MUMBAI,N100000123,29/11/25,149.00,,-108442.00
29/11/25,POS 556176 HALDIRAMS PHOENIX MUMBAI,N100000124,29/11/25,99.00,,-108541.00
29/11/25,UPI-SWIGGY-swiggy@ybl-PAYTMBANK-000125,N100000125,29/11/25,299.00,,-108840.00
29/11/25,UPI-NETMEDS-netmeds@ybl-PAYTMBANK-100000126,N100000126,29/11/25,149.00,,-108989.00
30/11/25,BBPS/BROADBAND/ACT FIBERNET/00000127,N100000127,30/11/25,149.00,,-109138.00
30/11/25,POS 818979 DOMINOS ANDHERI W MUMBAI CARD XX6525,N100000128,30/11/25,499.00,,-109637.00
30/11/25,POS 405190 MCDONALDS ANDHERI W MUMBAI,N100000129,30/11/25,99.00,,-109736.00
30/11/25,POS 225146 STARBUCKS BANDRA MUMBAI,N100000130,30/11/25,249.00,,-109985.00
01/12/25,NEFT-HDFC0001234-ABC TECHNOLOGIES PVT LTD-SALARY DEC25-N100000131,N100000131,01/12/25,,85000.00,-24985.00
01/12/25,POS 496412 DMART POWAI MUMBAI,N100000132,01/12/25,1899.00,,-26884.00
01/12/25,POS 466547 FLIPKART PAYMENTS MUMBAI CARD XX3882,N100000133,01/12/25,149.00,,-27033.00
01/12/25,POS 519717 MCDONALDS ANDHERI W MUMBAI,N100000134,01/12/25,99.00,,-27132.00
01/12/25,POS 611392 RELIANCE FRESH GHATKOPAR MUMBAI,N100000135,01/12/25,249.00,,-27381.00
02/12/25,BBPS/ELECTRICITY/TATA POWER MUMBAI/00000136,N100000136,02/12/25,2499.00,,-29880.00
02/12/25,POS 253552 DOMINOS ANDHERI W MUMBAI CARD XX2628,N100000137,02/12/25,199.00,,-30079.00
02/12/25,UPI-VI-vi@ibl-HDFCBANK-100000138,N100000138,02/12/25,1899.00,,-31978.00
02/12/25,UPI-VI-vi@ibl-HDFCBANK-100000139,N100000139,02/12/25,149.00,,-32127.00
03/12/25,UPI-BINANCE INT-binance@ibl-HDFCBANK-BNX991122,N100000140,03/12/25,48000.00,,-80127.00
03/12/25,POS 569924 FLIPKART PAYMENTS MUMBAI CARD XX4134,N100000141,03/12/25,499.00,,-80626.00
03/12/25,POS 375829 FLIPKART PAYMENTS MUMBAI CARD XX5833,N100000142,03/12/25,199.00,,-80825.00
03/12/25,POS 718217 RELIANCE FRESH GHATKOPAR MUMBAI,N100000143,03/12/25,349.00,,-81174.00
03/12/25,UPI-BOOKMYSHOW-bms@icici-ICICIBANK-100000144,N100000144,03/12/25,149.00,,-81323.00
04/12/25,POS 196715 HP PETROL CHEMBUR MUMBAI,N100000145,04/12/25,249.00,,-81572.00
04/12/25,POS 436474 INOX R CITY MUMBAI,N100000146,04/12/25,499.00,,-82071.00
04/12/25,UPI-ZOMATO-zomato@paytm-YESBANK-000147,N100000147,04/12/25,199.00,,-82270.00
04/12/25,UPI-RAPIDO-rapido@ibl-HDFCBANK-100000148,N100000148,04/12/25,499.00,,-82769.00
05/12/25,BBPS/ELECTRICITY/TATA POWER MUMBAI/00000149,N100000149,05/12/25,49.00,,-82818.00
05/12/25,ECOM MYNTRA.COM CARD XXXX1741,N100000150,05/12/25,49.00,,-82867.00
05/12/25,NEFT DR-SBIN0012345-KUMAR LANDLORD-RENT DEC25-N100000151,N100000151,05/12/25,18000.00,,-100867.00
05/12/25,UPI-AMAZON PAY-amazonpay@icici-ICICIBANK-100000152,N100000152,05/12/25,249.00,,-101116.00
05/12/25,UPI-VI-vi@ibl-HDFCBANK-100000153,N100000153,05/12/25,149.00,,-101265.00
06/12/25,ECOM MYNTRA.COM CARD XXXX7419,N100000154,06/12/25,1299.00,,-102564.00
06/12/25,ECOM MYNTRA.COM CARD XXXX9445,N100000155,06/12/25,49.00,,-102613.00
06/12/25,POS 360887 APOLLO PHARMACY BANDRA MUMBAI,N100000156,06/12/25,1899.00,,-104512.00
06/12/25,UPI-AIRTEL-airtel@ybl-YESBANK-100000157,N100000157,06/12/25,499.00,,-105011.00
07/12/25,POS 202848 INDIAN OIL VILE PARLE MUMBAI,N100000158,07/12/25,1899.00,,-106910.00
07/12/25,POS 281833 RELIANCE FRESH GHATKOPAR MUMBAI,N100000159,07/12/25,99.00,,-107009.00
07/12/25,UPI-ZOMATO-zomato@paytm-YESBANK-000160,N100000160,07/12/25,299.00,,-107308.00
07/12/25,UPI-NETMEDS-netmeds@ybl-PAYTMBANK-100000161,N100000161,07/12/25,49.00,,-107357.00
08/12/25,UPI-ACT FIBERNET-act@axisbank-AXISBANK-ACT987654,N100000162,08/12/25,999.00,,-108356.00
08/12/25,UPI-AMAZON PAY-amazonpay@icici-ICICIBANK-100000163,N100000163,08/12/25,49.00,,-108405.00
08/12/25,UPI-JIO-jio@paytm-PAYTMBANK-100000164,N100000164,08/12/25,49.00,,-108454.00
08/12/25,UPI-VI-vi@ibl-HDFCBANK-100000165,N100000165,08/12/25,49.00,,-108503.00
08/12/25,UPI-VI-vi@ibl-HDFCBANK-100000166,N100000166,08/12/25,149.00,,-108652.00
09/12/25,POS 821770 CCD LINKING RD MUMBAI,N100000167,09/12/25,2499.00,,-111151.00
09/12/25,POS 920337 INOX R CITY MUMBAI,N100000168,09/12/25,249.00,,-111400.00
09/12/25,POS 718277 INDIAN OIL VILE PARLE MUMBAI,N100000169,09/12/25,349.00,,-111749.00
09/12/25,UPI-PHARMEASY-pharmeasy@ibl-HDFCBANK-100000170,N100000170,09/12/25,349.00,,-112098.00
10/12/25,BBPS/ADANI ELECTRICITY MUMBAI/N100000171,N100000171,10/12/25,2598.00,,-114696.00
10/12/25,POS 354841 BHARAT PETROLEUM MUMBAI,N100000172,10/12/25,1899.00,,-116595.00
10/12/25,POS 420482 DMART POWAI MUMBAI,N100000173,10/12/25,349.00,,-116944.00
10/12/25,UPI-AIRTEL-airtel@ybl-YESBANK-100000174,N100000174,10/12/25,2499.00,,-119443.00
10/12/25,UPI-UBER-uber@axisbank-AXISBANK-100000175,N100000175,10/12/25,149.00,,-119592.00
11/12/25,POS 502709 CCD LINKING RD MUMBAI,N100000176,11/12/25,2499.00,,-122091.00
11/12/25,POS 758275 DOMINOS ANDHERI W MUMBAI CARD XX1882,N100000177,11/12/25,49.00,,-122140.00
11/12/25,UPI-AMAZON PAY-amazonpay@icici-ICICIBANK-100000178,N100000178,11/12/25,349.00,,-122489.00
11/12/25,UPI-PHARMEASY-pharmeasy@ibl-HDFCBANK-100000179,N100000179,11/12/25,249.00,,-122738.00
12/12/25,UPI-NETFLIX-netflix@icici-ICICIBANK-NFLX001,N100000180,12/12/25,499.00,,-123237.00
12/12/25,POS 259228 APOLLO PHARMACY BANDRA MUMBAI,N100000181,12/12/25,1899.00,,-125136.00
12/12/25,UPI-AIRTEL-airtel@ybl-YESBANK-100000182,N100000182,12/12/25,1299.00,,-126435.00
12/12/25,UPI-SWIGGY-swiggy@ybl-PAYTMBANK-000183,N100000183,12/12/25,2499.00,,-128934.00
12/12/25,UPI-PHARMEASY-pharmeasy@ibl-HDFCBANK-100000184,N100000184,12/12/25,249.00,,-129183.00
13/12/25,POS 535729 DMART POWAI MUMBAI,N100000185,13/12/25,149.00,,-129332.00
13/12/25,POS 317546 FLIPKART PAYMENTS MUMBAI CARD XX7184,N100000186,13/12/25,149.00,,-129481.00
13/12/25,POS 615028 INOX R CITY MUMBAI,N100000187,13/12/25,2499.00,,-131980.00
13/12/25,UPI-AIRTEL-airtel@ybl-YESBANK-100000188,N100000188,13/12/25,499.00,,-132479.00
14/12/25,POS 351251 CCD LINKING RD MUMBAI,N100000189,14/12/25,1299.00,,-133778.00
14/12/25,POS 558142 KFC POWAI MUMBAI CARD XX4051,N100000190,14/12/25,349.00,,-134127.00
14/12/25,POS 384626 MCDONALDS ANDHERI W MUMBAI,N100000191,14/12/25,1899.00,,-136026.00
14/12/25,UPI-NETMEDS-netmeds@ybl-PAYTMBANK-100000192,N100000192,14/12/25,99.00,,-136125.00
15/12/25,POS 616268 APOLLO PHARMACY BANDRA MUMBAI,N100000193,15/12/25,249.00,,-136374.00
15/12/25,UPI-SPOTIFY-spotify@ybl-PAYTMBANK-SPT002,N100000194,15/12/25,119.00,,-136493.00
15/12/25,UPI-AMAZON PAY-amazonpay@icici-ICICIBANK-100000195,N100000195,15/12/25,2499.00,,-138992.00
15/12/25,UPI-JIO-jio@paytm-PAYTMBANK-100000196,N100000196,15/12/25,349.00,,-139341.00
15/12/25,UPI-RAPIDO-rapido@ibl-HDFCBANK-100000197,N100000197,15/12/25,99.00,,-139440.00
16/12/25,POS 568688 CCD LINKING RD MUMBAI,N100000198,16/12/25,49.00,,-139489.00
16/12/25,POS 392378 FORTIS HOSPITAL MULUND MUMBAI,N100000199,16/12/25,349.00,,-139838.00
16/12/25,POS 206520 MCDONALDS ANDHERI W MUMBAI,N100000200,16/12/25,299.00,,-140137.00
16/12/25,UPI-BOOKMYSHOW-bms@icici-ICICIBANK-100000201,N100000201,16/12/25,149.00,,-140286.00
17/12/25,POS 525014 DMART POWAI MUMBAI,N100000202,17/12/25,799.00,,-141085.00
17/12/25,UPI-RAPIDO-rapido@ibl-HDFCBANK-100000203,N100000203,17/12/25,249.00,,-141334.00
17/12/25,UPI-RAPIDO-rapido@ibl-HDFCBANK-100000204,N100000204,17/12/25,799.00,,-142133.00
17/12/25,UPI-UBER-uber@axisbank-AXISBANK-100000205,N100000205,17/12/25,799.00,,-142932.00
18/12/25,POS 859111 FLIPKART PAYMENTS MUMBAI CARD XX7751,N100000206,18/12/25,799.00,,-143731.00
18/12/25,POS 717181 HP PETROL CHEMBUR MUMBAI,N100000207,18/12/25,499.00,,-144230.00
18/12/25,POS 716256 STARBUCKS BANDRA MUMBAI,N100000208,18/12/25,199.00,,-144429.00
18/12/25,UPI-AMAZON PAY-amazonpay@icici-ZZZ345678,N100000209,18/12/25,299.00,,-144728.00
18/12/25,UPI-UBER-uber@axisbank-AXISBANK-100000210,N100000210,18/12/25,49.00,,-144777.00
19/12/25,POS 560341 HALDIRAMS PHOENIX MUMBAI,N100000211,19/12/25,1299.00,,-146076.00
19/12/25,POS 578928 INDIAN OIL VILE PARLE MUMBAI,N100000212,19/12/25,149.00,,-146225.00
19/12/25,UPI-OLA-ola@ybl-PAYTMBANK-100000213,N100000213,19/12/25,499.00,,-146724.00
19/12/25,UPI-PHARMEASY-pharmeasy@ibl-HDFCBANK-100000214,N100000214,19/12/25,249.00,,-146973.00
20/12/25,UPI-HOTSTAR-hotstar@paytm-PAYTM-HTS003,N100000215,20/12/25,299.00,,-147272.00
20/12/25,POS 123972 INDIAN OIL VILE PARLE MUMBAI,N100000216,20/12/25,149.00,,-147421.00
20/12/25,UPI-NETMEDS-netmeds@ybl-PAYTMBANK-100000217,N100000217,20/12/25,49.00,,-147470.00
20/12/25,UPI-PHARMEASY-pharmeasy@ibl-HDFCBANK-100000218,N100000218,20/12/25,349.00,,-147819.00
20/12/25,UPI-RAPIDO-rapido@ibl-HDFCBANK-100000219,N100000219,20/12/25,299.00,,-148118.00
21/12/25,BBPS/ELECTRICITY/ADANI ELECTRICITY MUMBAI/00000220,N100000220,21/12/25,49.00,,-148167.00
21/12/25,ECOM MYNTRA.COM CARD XXXX5134,N100000221,21/12/25,149.00,,-148316.00
21/12/25,POS 965580 KFC POWAI MUMBAI CARD XX8054,N100000222,21/12/25,1299.00,,-149615.00
21/12/25,UPI-SWIGGY-swiggy@ybl-PAYTMBANK-000223,N100000223,21/12/25,49.00,,-149664.00
22/12/25,UPI-AMAZON PAY-amazonpay@icici-ICICIBANK-100000224,N100000224,22/12/25,1899.00,,-151563.00
22/12/25,UPI-BOOKMYSHOW-bms@icici-ICICIBANK-100000225,N100000225,22/12/25,199.00,,-151762.00
22/12/25,UPI-OLA-ola@ybl-PAYTMBANK-100000226,N100000226,22/12/25,249.00,,-152011.00
22/12/25,UPI-RAPIDO-rapido@ibl-HDFCBANK-100000227,N100000227,22/12/25,2499.00,,-154510.00
23/12/25,BBPS/ELECTRICITY/TATA POWER MUMBAI/00000228,N100000228,23/12/25,299.00,,-154809.00
23/12/25,POS 569116 HP PETROL CHEMBUR MUMBAI,N100000229,23/12/25,299.00,,-155108.00
23/12/25,UPI-OLA-ola@ybl-PAYTMBANK-100000230,N100000230,23/12/25,1299.00,,-156407.00
23/12/25,UPI-VI-vi@ibl-HDFCBANK-100000231,N100000231,23/12/25,299.00,,-156706.00
24/12/25,POS 644627 DMART POWAI MUMBAI,N100000232,24/12/25,799.00,,-157505.00
24/12/25,POS 323961 PVR CINEMAS MUMBAI CARD XX3113,N100000233,24/12/25,149.00,,-157654.00
24/12/25,POS 285462 RELIANCE FRESH GHATKOPAR MUMBAI,N100000234,24/12/25,249.00,,-157903.00
24/12/25,UPI-AMAZON PAY-amazonpay@icici-ICICIBANK-100000235,N100000235,24/12/25,1299.00,,-159202.00
25/12/25,UPI-LARGE GIFT-lrgift@paytm-PAYTMBANK-GFTXMAS,N100000236,25/12/25,62000.00,,-221202.00
25/12/25,ECOM MYNTRA.COM CARD XXXX3878,N100000237,25/12/25,199.00,,-221401.00
25/12/25,POS 835890 CCD LINKING RD MUMBAI,N100000238,25/12/25,799.00,,-222200.00
25/12/25,POS 176490 PVR CINEMAS MUMBAI CARD XX2078,N100000239,25/12/25,149.00,,-222349.00
25/12/25,UPI-SWIGGY-swiggy@ybl-PAYTMBANK-000240,N100000240,25/12/25,349.00,,-222698.00
25/12/25,UPI-OLA-ola@ybl-PAYTMBANK-100000241,N100000241,25/12/25,2499.00,,-225197.00
26/12/25,POS 755328 BHARAT PETROLEUM MUMBAI,N100000242,26/12/25,149.00,,-225346.00
26/12/25,POS 869371 CCD LINKING RD MUMBAI,N100000243,26/12/25,99.00,,-225445.00
26/12/25,POS 211485 INOX R CITY MUMBAI,N100000244,26/12/25,499.00,,-225944.00
26/12/25,UPI-BOOKMYSHOW-bms@icici-ICICIBANK-100000245,N100000245,26/12/25,1899.00,,-227843.00
27/12/25,BBPS/BROADBAND/ACT FIBERNET/00000246,N100000246,27/12/25,49.00,,-227892.00
27/12/25,BBPS/BROADBAND/ACT FIBERNET/00000247,N100000247,27/12/25,49.00,,-227941.00
27/12/25,POS 217154 RELIANCE FRESH GHATKOPAR MUMBAI,N100000248,27/12/25,149.00,,-228090.00
27/12/25,UPI-JIO-jio@paytm-PAYTMBANK-100000249,N100000249,27/12/25,1299.00,,-229389.00
27/12/25,UPI-UBER-uber@axisbank-AXISBANK-100000250,N100000250,27/12/25,799.00,,-230188.00
28/12/25,POS 880699 INDIAN OIL VILE PARLE MUMBAI,N100000251,28/12/25,199.00,,-230387.00
28/12/25,POS 778996 INDIAN OIL VILE PARLE MUMBAI,N100000252,28/12/25,49.00,,-230436.00
28/12/25,POS 419536 RELIANCE FRESH GHATKOPAR MUMBAI,N100000253,28/12/25,49.00,,-230485.00
28/12/25,POS 545033 STARBUCKS BANDRA MUMBAI,N100000254,28/12/25,1899.00,,-232384.00
29/12/25,POS 874436 FORTIS HOSPITAL MULUND MUMBAI,N100000255,29/12/25,199.00,,-232583.00
29/12/25,UPI-NETMEDS-netmeds@ybl-PAYTMBANK-100000256,N100000256,29/12/25,2499.00,,-235082.00
29/12/25,UPI-OLA-ola@ybl-PAYTMBANK-100000257,N100000257,29/12/25,199.00,,-235281.00
29/12/25,UPI-VI-vi@ibl-HDFCBANK-100000258,N100000258,29/12/25,299.00,,-235580.00
30/12/25,POS 675840 APOLLO PHARMACY BANDRA MUMBAI,N100000259,30/12/25,1899.00,,-237479.00
30/12/25,POS 523999 FLIPKART PAYMENTS MUMBAI CARD XX3197,N100000260,30/12/25,249.00,,-237728.00
30/12/25,UPI-AIRTEL-airtel@ybl-YESBANK-100000261,N100000261,30/12/25,149.00,,-237877.00
30/12/25,UPI-SWIGGY-swiggy@ybl-PAYTMBANK-000262,N100000262,30/12/25,499.00,,-238376.00
31/12/25,POS 789954 DOMINOS ANDHERI W MUMBAI CARD XX9458,N100000263,31/12/25,2499.00,,-240875.00
31/12/25,POS 857691 INOX R CITY MUMBAI,N100000264,31/12/25,299.00,,-241174.00
31/12/25,POS 798954 INOX R CITY MUMBAI,N100000265,31/12/25,299.00,,-241473.00
31/12/25,POS 651979 KFC POWAI MUMBAI CARD XX1036,N100000266,31/12/25,349.00,,-241822.00
01/01/26,NEFT-HDFC0001234-ABC TECHNOLOGIES PVT LTD-SALARY JAN26-N100000267,N100000267,01/01/26,,85000.00,-156822.00
01/01/26,BBPS/ELECTRICITY/ADANI ELECTRICITY MUMBAI/00000268,N100000268,01/01/26,99.00,,-156921.00
01/01/26,POS 376335 DOMINOS ANDHERI W MUMBAI CARD XX3170,N100000269,01/01/26,99.00,,-157020.00
01/01/26,UPI-AIRTEL-airtel@ybl-YESBANK-100000270,N100000270,01/01/26,299.00,,-157319.00
01/01/26,UPI-JIO-jio@paytm-PAYTMBANK-100000271,N100000271,01/01/26,499.00,,-157818.00
02/01/26,POS 576773 APOLLO PHARMACY BANDRA MUMBAI,N100000272,02/01/26,349.00,,-158167.00
02/01/26,POS 491387 MCDONALDS ANDHERI W MUMBAI,N100000273,02/01/26,99.00,,-158266.00
02/01/26,POS 877394 RELIANCE FRESH GHATKOPAR MUMBAI,N100000274,02/01/26,199.00,,-158465.00
02/01/26,UPI-BIGBASKET-bigbasket@ybl-PAYTMBANK-100000275,N100000275,02/01/26,199.00,,-158664.00
03/01/26,POS 720374 FORTIS HOSPITAL MULUND MUMBAI,N100000276,03/01/26,249.00,,-158913.00
03/01/26,POS 351413 HP PETROL CHEMBUR MUMBAI,N100000277,03/01/26,149.00,,-159062.00
03/01/26,POS 526751 INDIAN OIL VILE PARLE MUMBAI,N100000278,03/01/26,799.00,,-159861.00
03/01/26,UPI-BIGBASKET-bigbasket@ybl-PAYTMBANK-100000279,N100000279,03/01/26,1299.00,,-161160.00
04/01/26,POS 116345 CCD LINKING RD MUMBAI,N100000280,04/01/26,2499.00,,-163659.00
04/01/26,UPI-BOOKMYSHOW-bms@icici-ICICIBANK-100000281,N100000281,04/01/26,1899.00,,-165558.00
04/01/26,UPI-ZOMATO-zomato@paytm-YESBANK-000282,N100000282,04/01/26,149.00,,-165707.00
04/01/26,UPI-OLA-ola@ybl-PAYTMBANK-100000283,N100000283,04/01/26,299.00,,-166006.00
05/01/26,ATM WDL AT HDFC0067890 ANDHERI,N100000284,05/01/26,33000.00,,-199006.00
05/01/26,BBPS/ELECTRICITY/ADANI ELECTRICITY MUMBAI/00000285,N100000285,05/01/26,1299.00,,-200305.00
05/01/26,BBPS/ELECTRICITY/TATA POWER MUMBAI/00000286,N100000286,05/01/26,2499.00,,-202804.00
05/01/26,POS 524033 DMART POWAI MUMBAI,N100000287,05/01/26,299.00,,-203103.00
05/01/26,NEFT DR-SBIN0012345-KUMAR LANDLORD-RENT JAN26-N100000288,N100000288,05/01/26,18000.00,,-221103.00
05/01/26,UPI-OLA-ola@ybl-PAYTMBANK-100000289,N100000289,05/01/26,349.00,,-221452.00
06/01/26,POS 907720 FORTIS HOSPITAL MULUND MUMBAI,N100000290,06/01/26,799.00,,-222251.00
06/01/26,POS 798624 MCDONALDS ANDHERI W MUMBAI,N100000291,06/01/26,49.00,,-222300.00
06/01/26,POS 458554 RELIANCE FRESH GHATKOPAR MUMBAI,N100000292,06/01/26,299.00,,-222599.00
06/01/26,UPI-AMAZON PAY-amazonpay@icici-ICICIBANK-100000293,N100000293,06/01/26,349.00,,-222948.00
07/01/26,BBPS/ELECTRICITY/TATA POWER MUMBAI/00000294,N100000294,07/01/26,149.00,,-223097.00
07/01/26,POS 353561 HP PETROL CHEMBUR MUMBAI,N100000295,07/01/26,199.00,,-223296.00
07/01/26,POS 505874 KFC POWAI MUMBAI CARD XX5863,N100000296,07/01/26,1899.00,,-225195.00
07/01/26,POS 287345 RELIANCE FRESH GHATKOPAR MUMBAI,N100000297,07/01/26,99.00,,-225294.00
08/01/26,UPI-ACT FIBERNET-act@axisbank-AXISBANK-ACT987654,N100000298,08/01/26,999.00,,-226293.00
08/01/26,POS 590996 RELIANCE FRESH GHATKOPAR MUMBAI,N100000299,08/01/26,799.00,,-227092.00
08/01/26,UPI-AMAZON PAY-amazonpay@icici-ICICIBANK-100000300,N100000300,08/01/26,199.00,,-227291.00
08/01/26,UPI-BIGBASKET-bigbasket@ybl-PAYTMBANK-100000301,N100000301,08/01/26,149.00,,-227440.00
08/01/26,UPI-JIO-jio@paytm-PAYTMBANK-100000302,N100000302,08/01/26,49.00,,-227489.00
09/01/26,BBPS/BROADBAND/ACT FIBERNET/00000303,N100000303,09/01/26,99.00,,-227588.00
09/01/26,POS 249490 APOLLO PHARMACY BANDRA MUMBAI,N100000304,09/01/26,299.00,,-227887.00
09/01/26,POS 545591 DOMINOS ANDHERI W MUMBAI CARD XX7621,N100000305,09/01/26,799.00,,-228686.00
09/01/26,UPI-SWIGGY-swiggy@ybl-PAYTMBANK-000306,N100000306,09/01/26,249.00,,-228935.00
10/01/26,BBPS/ELECTRICITY/TATA POWER MUMBAI/00000307,N100000307,10/01/26,2499.00,,-231434.00
10/01/26,BBPS/ADANI ELECTRICITY MUMBAI/N100000308,N100000308,10/01/26,3304.00,,-234738.00
10/01/26,POS 403178 CCD LINKING RD MUMBAI,N100000309,10/01/26,349.00,,-235087.00
10/01/26,UPI-BOOKMYSHOW-bms@icici-ICICIBANK-100000310,N100000310,10/01/26,99.00,,-235186.00
10/01/26,UPI-VI-vi@ibl-HDFCBANK-100000311,N100000311,10/01/26,349.00,,-235535.00
11/01/26,POS 176106 CCD LINKING RD MUMBAI,N100000312,11/01/26,249.00,,-235784.00
11/01/26,POS 157262 KFC POWAI MUMBAI CARD XX4770,N100000313,11/01/26,349.00,,-236133.00
11/01/26,POS 931136 RELIANCE FRESH GHATKOPAR MUMBAI,N100000314,11/01/26,799.00,,-236932.00
11/01/26,UPI-NETMEDS-netmeds@ybl-PAYTMBANK-100000315,N100000315,11/01/26,2499.00,,-239431.00
12/01/26,UPI-NETFLIX-netflix@icici-ICICIBANK-NFLX001,N100000316,12/01/26,499.00,,-239930.00
12/01/26,POS 646624 HALDIRAMS PHOENIX MUMBAI,N100000317,12/01/26,99.00,,-240029.00
12/01/26,POS 945183 HP PETROL CHEMBUR MUMBAI,N100000318,12/01/26,149.00,,-240178.00
12/01/26,UPI-ZOMATO-zomato@paytm-YESBANK-000319,N100000319,12/01/26,199.00,,-240377.00
12/01/26,UPI-PHARMEASY-pharmeasy@ibl-HDFCBANK-100000320,N100000320,12/01/26,149.00,,-240526.00
13/01/26,POS 619811 DMART POWAI MUMBAI,N100000321,13/01/26,199.00,,-240725.00
13/01/26,POS 775439 DMART POWAI MUMBAI,N100000322,13/01/26,299.00,,-241024.00
13/01/26,POS 658612 KFC POWAI MUMBAI CARD XX4872,N100000323,13/01/26,149.00,,-241173.00
13/01/26,UPI-RAPIDO-rapido@ibl-HDFCBANK-100000324,N100000324,13/01/26,799.00,,-241972.00
13/01/26,UPI-VI-vi@ibl-HDFCBANK-100000325,N100000325,13/01/26,499.00,,-242471.00
14/01/26,POS 869757 HP PETROL CHEMBUR MUMBAI,N100000326,14/01/26,1899.00,,-244370.00
14/01/26,POS 451619 INDIAN OIL VILE PARLE MUMBAI,N100000327,14/01/26,299.00,,-244669.00
14/01/26,UPI-BIGBASKET-bigbasket@ybl-PAYTMBANK-100000328,N100000328,14/01/26,49.00,,-244718.00
14/01/26,UPI-RAPIDO-rapido@ibl-HDFCBANK-100000329,N100000329,14/01/26,99.00,,-244817.00
15/01/26,POS 666795 DOMINOS ANDHERI W MUMBAI CARD XX1587,N100000330,15/01/26,1899.00,,-246716.00
15/01/26,POS 701688 DOMINOS ANDHERI W MUMBAI CARD XX7056,N100000331,15/01/26,799.00,,-247515.00
15/01/26,POS 775182 MCDONALDS ANDHERI W MUMBAI,N100000332,15/01/26,349.00,,-247864.00
15/01/26,UPI-SPOTIFY-spotify@ybl-PAYTMBANK-SPT002,N100000333,15/01/26,119.00,,-247983.00
15/01/26,UPI-RAPIDO-rapido@ibl-HDFCBANK-100000334,N100000334,15/01/26,349.00,,-248332.00
16/01/26,POS 814780 BHARAT PETROLEUM MUMBAI,N100000335,16/01/26,149.00,,-248481.00
16/01/26,POS 830404 HP PETROL CHEMBUR MUMBAI,N100000336,16/01/26,499.00,,-248980.00
16/01/26,POS 262651 STARBUCKS BANDRA MUMBAI,N100000337,16/01/26,2499.00,,-251479.00
16/01/26,UPI-VI-vi@ibl-HDFCBANK-100000338,N100000338,16/01/26,149.00,,-251628.00
17/01/26,BBPS/ELECTRICITY/TATA POWER MUMBAI/00000339,N100000339,17/01/26,799.00,,-252427.00
17/01/26,POS 861877 PVR CINEMAS MUMBAI CARD XX6728,N100000340,17/01/26,149.00,,-252576.00
17/01/26,POS 397842 STARBUCKS BANDRA MUMBAI,N100000341,17/01/26,99.00,,-252675.00
17/01/26,UPI-VI-vi@ibl-HDFCBANK-100000342,N100000342,17/01/26,799.00,,-253474.00
18/01/26,POS 172335 APOLLO PHARMACY BANDRA MUMBAI,N100000343,18/01/26,1899.00,,-255373.00
18/01/26,POS 348211 FORTIS HOSPITAL MULUND MUMBAI,N100000344,18/01/26,49.00,,-255422.00
18/01/26,UPI-AMAZON PAY-amazonpay@icici-ZZZ345678,N100000345,18/01/26,299.00,,-255721.00
18/01/26,UPI-BOOKMYSHOW-bms@icici-ICICIBANK-100000346,N100000346,18/01/26,149.00,,-255870.00
18/01/26,UPI-RAPIDO-rapido@ibl-HDFCBANK-100000347,N100000347,18/01/26,1899.00,,-257769.00
19/01/26,ECOM MYNTRA.COM CARD XXXX9551,N100000348,19/01/26,799.00,,-258568.00
19/01/26,POS 486590 APOLLO PHARMACY BANDRA MUMBAI,N100000349,19/01/26,2499.00,,-261067.00
19/01/26,POS 184904 CCD LINKING RD MUMBAI,N100000350,19/01/26,1899.00,,-262966.00
19/01/26,POS 606772 HALDIRAMS PHOENIX MUMBAI,N100000351,19/01/26,149.00,,-263115.00
20/01/26,UPI-HOTSTAR-hotstar@paytm-PAYTM-HTS003,N100000352,20/01/26,299.00,,-263414.00
20/01/26,POS 132099 HP PETROL CHEMBUR MUMBAI,N100000353,20/01/26,2499.00,,-265913.00
20/01/26,POS 335704 INOX R CITY MUMBAI,N100000354,20/01/26,149.00,,-266062.00
20/01/26,UPI-AMAZON PAY-amazonpay@icici-ICICIBANK-100000355,N100000355,20/01/26,49.00,,-266111.00
20/01/26,UPI-SWIGGY-swiggy@ybl-PAYTMBANK-000356,N100000356,20/01/26,149.00,,-266260.00
21/01/26,BBPS/ELECTRICITY/TATA POWER MUMBAI/00000357,N100000357,21/01/26,199.00,,-266459.00
21/01/26,POS 756179 HALDIRAMS PHOENIX MUMBAI,N100000358,21/01/26,49.00,,-266508.00
21/01/26,POS 136824 RELIANCE FRESH GHATKOPAR MUMBAI,N100000359,21/01/26,199.00,,-266707.00
21/01/26,UPI-NETMEDS-netmeds@ybl-PAYTMBANK-100000360,N100000360,21/01/26,99.00,,-266806.00
22/01/26,UPI-XYZ TRADING LTD-xyztrd@okaxis-AXISBANK-XYZ554433,N100000361,22/01/26,75000.00,,-341806.00
22/01/26,POS 708335 BHARAT PETROLEUM MUMBAI,N100000362,22/01/26,1299.00,,-343105.00
22/01/26,POS 492368 FLIPKART PAYMENTS MUMBAI CARD XX6832,N100000363,22/01/26,499.00,,-343604.00
22/01/26,POS 934953 INOX R CITY MUMBAI,N100000364,22/01/26,99.00,,-343703.00
22/01/26,UPI-AIRTEL-airtel@ybl-YESBANK-100000365,N100000365,22/01/26,99.00,,-343802.00
23/01/26,POS 614920 DMART POWAI MUMBAI,N100000366,23/01/26,149.00,,-343951.00
23/01/26,POS 298770 FLIPKART PAYMENTS MUMBAI CARD XX5748,N100000367,23/01/26,299.00,,-344250.00
23/01/26,POS 553053 INOX R CITY MUMBAI,N100000368,23/01/26,149.00,,-344399.00
23/01/26,POS 450974 MCDONALDS ANDHERI W MUMBAI,N100000369,23/01/26,1299.00,,-345698.00
24/01/26,POS 787078 DOMINOS ANDHERI W MUMBAI CARD XX4393,N100000370,24/01/26,99.00,,-345797.00
24/01/26,POS 882702 KFC POWAI MUMBAI CARD XX4787,N100000371,24/01/26,49.00,,-345846.00
24/01/26,POS 560735 KFC POWAI MUMBAI CARD XX4347,N100000372,24/01/26,99.00,,-345945.00
24/01/26,UPI-BIGBASKET-bigbasket@ybl-PAYTMBANK-100000373,N100000373,24/01/26,1299.00,,-347244.00
24/01/26,UPI-UBER-uber@axisbank-AXISBANK-100000374,N100000374,24/01/26,1899.00,,-349143.00
25/01/26,BBPS/BROADBAND/ACT FIBERNET/00000375,N100000375,25/01/26,249.00,,-349392.00
25/01/26,POS 559279 MCDONALDS ANDHERI W MUMBAI,N100000376,25/01/26,1899.00,,-351291.00
25/01/26,POS 116799 MCDONALDS ANDHERI W MUMBAI,N100000377,25/01/26,2499.00,,-353790.00
25/01/26,UPI-UBER-uber@axisbank-AXISBANK-100000378,N100000378,25/01/26,1899.00,,-355689.00
26/01/26,POS 359369 HALDIRAMS PHOENIX MUMBAI,N100000379,26/01/26,499.00,,-356188.00
26/01/26,POS 776023 PVR CINEMAS MUMBAI CARD XX5239,N100000380,26/01/26,1899.00,,-358087.00
26/01/26,UPI-BIGBASKET-bigbasket@ybl-PAYTMBANK-100000381,N100000381,26/01/26,99.00,,-358186.00
26/01/26,UPI-PHARMEASY-pharmeasy@ibl-HDFCBANK-100000382,N100000382,26/01/26,299.00,,-358485.00
27/01/26,BBPS/ELECTRICITY/TATA POWER MUMBAI/00000383,N100000383,27/01/26,499.00,,-358984.00
27/01/26,POS 207047 FLIPKART PAYMENTS MUMBAI CARD XX6715,N100000384,27/01/26,299.00,,-359283.00
27/01/26,UPI-OLA-ola@ybl-PAYTMBANK-100000385,N100000385,27/01/26,2499.00,,-361782.00
27/01/26,UPI-OLA-ola@ybl-PAYTMBANK-100000386,N100000386,27/01/26,149.00,,-361931.00
28/01/26,ECOM MYNTRA.COM CARD XXXX8068,N100000387,28/01/26,1899.00,,-363830.00
28/01/26,POS 250276 DOMINOS ANDHERI W MUMBAI CARD XX7443,N100000388,28/01/26,799.00,,-364629.00
28/01/26,POS 561108 INOX R CITY MUMBAI,N100000389,28/01/26,349.00,,-364978.00
28/01/26,UPI-AMAZON PAY-amazonpay@icici-ICICIBANK-100000390,N100000390,28/01/26,199.00,,-365177.00
29/01/26,BBPS/ELECTRICITY/ADANI ELECTRICITY MUMBAI/00000391,N100000391,29/01/26,799.00,,-365976.00
29/01/26,POS 265557 DMART POWAI MUMBAI,N100000392,29/01/26,99.00,,-366075.00
29/01/26,POS 249059 DOMINOS ANDHERI W MUMBAI CARD XX7197,N100000393,29/01/26,149.00,,-366224.00
29/01/26,POS 183429 INOX R CITY MUMBAI,N100000394,29/01/26,499.00,,-366723.00
30/01/26,ECOM MYNTRA.COM CARD XXXX7528,N100000395,30/01/26,349.00,,-367072.00
30/01/26,POS 961469 APOLLO PHARMACY BANDRA MUMBAI,N100000396,30/01/26,249.00,,-367321.00
30/01/26,POS 375895 FLIPKART PAYMENTS MUMBAI CARD XX4672,N100000397,30/01/26,349.00,,-367670.00
30/01/26,UPI-JIO-jio@paytm-PAYTMBANK-100000398,N100000398,30/01/26,249.00,,-367919.00
31/01/26,BBPS/ELECTRICITY/TATA POWER MUMBAI/00000399,N100000399,31/01/26,199.00,,-368118.00
31/01/26,BBPS/ELECTRICITY/TATA POWER MUMBAI/00000400,N100000400,31/01/26,49.00,,-368167.00
31/01/26,POS 312596 INDIAN OIL VILE PARLE MUMBAI,N100000401,31/01/26,299.00,,-368466.00
31/01/26,UPI-AMAZON PAY-amazonpay@icici-ICICIBANK-100000402,N100000402,31/01/26,99.00,,-368565.00
01/02/26,NEFT-HDFC0001234-ABC TECHNOLOGIES PVT LTD-SALARY FEB26-N100000403,N100000403,01/02/26,,85000.00,-283565.00
01/02/26,BBPS/ELECTRICITY/TATA POWER MUMBAI/00000404,N100000404,01/02/26,249.00,,-283814.00
01/02/26,POS 386316 FORTIS HOSPITAL MULUND MUMBAI,N100000405,01/02/26,499.00,,-284313.00
01/02/26,POS 356039 INDIAN OIL VILE PARLE MUMBAI,N100000406,01/02/26,1899.00,,-286212.00
01/02/26,UPI-BOOKMYSHOW-bms@icici-ICICIBANK-100000407,N100000407,01/02/26,1299.00,,-287511.00
02/02/26,UPI-VERIFY-probe@ybl-PAYTMBANK-PRB001,N100000408,02/02/26,1.00,,-287512.00
02/02/26,UPI-VERIFY-probe@ybl-PAYTMBANK-PRB001,N100000409,02/02/26,1.00,,-287513.00
02/02/26,POS 135114 DOMINOS ANDHERI W MUMBAI CARD XX3430,N100000410,02/02/26,49.00,,-287562.00
02/02/26,POS 182820 FLIPKART PAYMENTS MUMBAI CARD XX7610,N100000411,02/02/26,799.00,,-288361.00
02/02/26,POS 237943 PVR CINEMAS MUMBAI CARD XX3517,N100000412,02/02/26,799.00,,-289160.00
02/02/26,UPI-AIRTEL-airtel@ybl-YESBANK-100000413,N100000413,02/02/26,199.00,,-289359.00
03/02/26,POS 566938 CCD LINKING RD MUMBAI,N100000414,03/02/26,249.00,,-289608.00
03/02/26,POS 700236 INDIAN OIL VILE PARLE MUMBAI,N100000415,03/02/26,499.00,,-290107.00
03/02/26,UPI-BIGBASKET-bigbasket@ybl-PAYTMBANK-100000416,N100000416,03/02/26,149.00,,-290256.00
03/02/26,UPI-SWIGGY-swiggy@ybl-PAYTMBANK-000417,N100000417,03/02/26,2499.00,,-292755.00
04/02/26,BBPS/BROADBAND/ACT FIBERNET/00000418,N100000418,04/02/26,1299.00,,-294054.00
04/02/26,POS 968853 CCD LINKING RD MUMBAI,N100000419,04/02/26,249.00,,-294303.00
04/02/26,POS 588568 DMART POWAI MUMBAI,N100000420,04/02/26,799.00,,-295102.00
04/02/26,POS 393588 KFC POWAI MUMBAI CARD XX1892,N100000421,04/02/26,799.00,,-295901.00
05/02/26,POS 548139 FLIPKART PAYMENTS MUMBAI CARD XX2304,N100000422,05/02/26,49.00,,-295950.00
05/02/26,NEFT DR-SBIN0012345-KUMAR LANDLORD-RENT FEB26-N100000423,N100000423,05/02/26,18000.00,,-313950.00
05/02/26,UPI-SWIGGY-swiggy@ybl-PAYTMBANK-000424,N100000424,05/02/26,149.00,,-314099.00
05/02/26,UPI-PHARMEASY-pharmeasy@ibl-HDFCBANK-100000425,N100000425,05/02/26,99.00,,-314198.00
05/02/26,UPI-UBER-uber@axisbank-AXISBANK-100000426,N100000426,05/02/26,1299.00,,-315497.00
06/02/26,ECOM MYNTRA.COM CARD XXXX7572,N100000427,06/02/26,2499.00,,-317996.00
06/02/26,UPI-AIRTEL-airtel@ybl-YESBANK-100000428,N100000428,06/02/26,249.00,,-318245.00
06/02/26,UPI-AMAZON PAY-amazonpay@icici-ICICIBANK-100000429,N100000429,06/02/26,499.00,,-318744.00
06/02/26,UPI-PHARMEASY-pharmeasy@ibl-HDFCBANK-100000430,N100000430,06/02/26,99.00,,-318843.00
07/02/26,POS 475936 APOLLO PHARMACY BANDRA MUMBAI,N100000431,07/02/26,1899.00,,-320742.00
07/02/26,POS 122021 HP PETROL CHEMBUR MUMBAI,N100000432,07/02/26,249.00,,-320991.00
07/02/26,UPI-BOOKMYSHOW-bms@icici-ICICIBANK-100000433,N100000433,07/02/26,149.00,,-321140.00
07/02/26,UPI-BOOKMYSHOW-bms@icici-ICICIBANK-100000434,N100000434,07/02/26,1899.00,,-323039.00
08/02/26,BBPS/ELECTRICITY/TATA POWER MUMBAI/00000435,N100000435,08/02/26,2499.00,,-325538.00
08/02/26,UPI-ACT FIBERNET-act@axisbank-AXISBANK-ACT987654,N100000436,08/02/26,999.00,,-326537.00
08/02/26,POS 644177 HALDIRAMS PHOENIX MUMBAI,N100000437,08/02/26,199.00,,-326736.00
08/02/26,POS 600773 INDIAN OIL VILE PARLE MUMBAI,N100000438,08/02/26,349.00,,-327085.00
08/02/26,UPI-PHARMEASY-pharmeasy@ibl-HDFCBANK-100000439,N100000439,08/02/26,1899.00,,-328984.00
09/02/26,POS 606187 CCD LINKING RD MUMBAI,N100000440,09/02/26,49.00,,-329033.00
09/02/26,POS 853511 FORTIS HOSPITAL MULUND MUMBAI,N100000441,09/02/26,499.00,,-329532.00
09/02/26,UPI-AIRTEL-airtel@ybl-YESBANK-100000442,N100000442,09/02/26,349.00,,-329881.00
09/02/26,UPI-BIGBASKET-bigbasket@ybl-PAYTMBANK-100000443,N100000443,09/02/26,349.00,,-330230.00
10/02/26,BBPS/ADANI ELECTRICITY MUMBAI/N100000444,N100000444,10/02/26,2934.00,,-333164.00
10/02/26,POS 900598 INDIAN OIL VILE PARLE MUMBAI,N100000445,10/02/26,299.00,,-333463.00
10/02/26,UPI-AIRTEL-airtel@ybl-YESBANK-100000446,N100000446,10/02/26,2499.00,,-335962.00
10/02/26,UPI-NETMEDS-netmeds@ybl-PAYTMBANK-100000447,N100000447,10/02/26,299.00,,-336261.00
10/02/26,UPI-PHARMEASY-pharmeasy@ibl-HDFCBANK-100000448,N100000448,10/02/26,2499.00,,-338760.00
11/02/26,POS 396265 HALDIRAMS PHOENIX MUMBAI,N100000449,11/02/26,249.00,,-339009.00
11/02/26,UPI-BOOKMYSHOW-bms@icici-ICICIBANK-100000450,N100000450,11/02/26,2499.00,,-341508.00
11/02/26,UPI-OLA-ola@ybl-PAYTMBANK-100000451,N100000451,11/02/26,1299.00,,-342807.00
11/02/26,UPI-UBER-uber@axisbank-AXISBANK-100000452,N100000452,11/02/26,2499.00,,-345306.00
12/02/26,UPI-NETFLIX-netflix@icici-ICICIBANK-NFLX001,N100000453,12/02/26,499.00,,-345805.00
12/02/26,POS 493319 DOMINOS ANDHERI W MUMBAI CARD XX3878,N100000454,12/02/26,499.00,,-346304.00
12/02/26,POS 551395 HALDIRAMS PHOENIX MUMBAI,N100000455,12/02/26,799.00,,-347103.00
12/02/26,POS 831839 RELIANCE FRESH GHATKOPAR MUMBAI,N100000456,12/02/26,799.00,,-347902.00
12/02/26,UPI-NETMEDS-netmeds@ybl-PAYTMBANK-100000457,N100000457,12/02/26,249.00,,-348151.00
13/02/26,ECOM MYNTRA.COM CARD XXXX3517,N100000458,13/02/26,249.00,,-348400.00
13/02/26,POS 949609 MCDONALDS ANDHERI W MUMBAI,N100000459,13/02/26,199.00,,-348599.00
13/02/26,UPI-AIRTEL-airtel@ybl-YESBANK-100000460,N100000460,13/02/26,299.00,,-348898.00
13/02/26,UPI-AMAZON PAY-amazonpay@icici-ICICIBANK-100000461,N100000461,13/02/26,499.00,,-349397.00
14/02/26,NEFT DR-ICIC0002211-ROUND FIG TEST-N888777666,N100000462,14/02/26,100000.00,,-449397.00
14/02/26,BBPS/ELECTRICITY/ADANI ELECTRICITY MUMBAI/00000463,N100000463,14/02/26,499.00,,-449896.00
14/02/26,POS 172867 APOLLO PHARMACY BANDRA MUMBAI,N100000464,14/02/26,49.00,,-449945.00
14/02/26,UPI-AIRTEL-airtel@ybl-YESBANK-100000465,N100000465,14/02/26,2499.00,,-452444.00
14/02/26,UPI-AIRTEL-airtel@ybl-YESBANK-100000466,N100000466,14/02/26,799.00,,-453243.00
15/02/26,POS 311277 DMART POWAI MUMBAI,N100000467,15/02/26,299.00,,-453542.00
15/02/26,UPI-SPOTIFY-spotify@ybl-PAYTMBANK-SPT002,N100000468,15/02/26,119.00,,-453661.00
15/02/26,UPI-OLA-ola@ybl-PAYTMBANK-100000469,N100000469,15/02/26,349.00,,-454010.00
15/02/26,UPI-RAPIDO-rapido@ibl-HDFCBANK-100000470,N100000470,15/02/26,1299.00,,-455309.00
15/02/26,UPI-VI-vi@ibl-HDFCBANK-100000471,N100000471,15/02/26,1899.00,,-457208.00
16/02/26,BBPS/BROADBAND/ACT FIBERNET/00000472,N100000472,16/02/26,499.00,,-457707.00
16/02/26,BBPS/ELECTRICITY/ADANI ELECTRICITY MUMBAI/00000473,N100000473,16/02/26,499.00,,-458206.00
16/02/26,POS 144020 FORTIS HOSPITAL MULUND MUMBAI,N100000474,16/02/26,1899.00,,-460105.00
16/02/26,POS 118676 FORTIS HOSPITAL MULUND MUMBAI,N100000475,16/02/26,1299.00,,-461404.00
17/02/26,BBPS/BROADBAND/ACT FIBERNET/00000476,N100000476,17/02/26,99.00,,-461503.00
17/02/26,POS 899131 HALDIRAMS PHOENIX MUMBAI,N100000477,17/02/26,49.00,,-461552.00
17/02/26,POS 954576 KFC POWAI MUMBAI CARD XX3585,N100000478,17/02/26,99.00,,-461651.00
17/02/26,UPI-AMAZON PAY-amazonpay@icici-ICICIBANK-100000479,N100000479,17/02/26,499.00,,-462150.00
18/02/26,POS 672315 HP PETROL CHEMBUR MUMBAI,N100000480,18/02/26,49.00,,-462199.00
18/02/26,UPI-AMAZON PAY-amazonpay@icici-ZZZ345678,N100000481,18/02/26,299.00,,-462498.00
18/02/26,UPI-AMAZON PAY-amazonpay@icici-ICICIBANK-100000482,N100000482,18/02/26,299.00,,-462797.00
18/02/26,UPI-AMAZON PAY-amazonpay@icici-ICICIBANK-100000483,N100000483,18/02/26,49.00,,-462846.00
18/02/26,UPI-SWIGGY-swiggy@ybl-PAYTMBANK-000484,N100000484,18/02/26,2499.00,,-465345.00
19/02/26,ECOM MYNTRA.COM CARD XXXX2761,N100000485,19/02/26,1299.00,,-466644.00
19/02/26,ECOM MYNTRA.COM CARD XXXX8778,N100000486,19/02/26,499.00,,-467143.00
19/02/26,POS 562540 FLIPKART PAYMENTS MUMBAI CARD XX2909,N100000487,19/02/26,1899.00,,-469042.00
19/02/26,UPI-BIGBASKET-bigbasket@ybl-PAYTMBANK-100000488,N100000488,19/02/26,499.00,,-469541.00
20/02/26,UPI-HOTSTAR-hotstar@paytm-PAYTM-HTS003,N100000489,20/02/26,299.00,,-469840.00
20/02/26,POS 242073 DOMINOS ANDHERI W MUMBAI CARD XX5919,N100000490,20/02/26,149.00,,-469989.00
20/02/26,POS 584117 DOMINOS ANDHERI W MUMBAI CARD XX4878,N100000491,20/02/26,499.00,,-470488.00
20/02/26,POS 202943 KFC POWAI MUMBAI CARD XX3058,N100000492,20/02/26,299.00,,-470787.00
20/02/26,UPI-OLA-ola@ybl-PAYTMBANK-100000493,N100000493,20/02/26,1899.00,,-472686.00
21/02/26,POS 975339 BHARAT PETROLEUM MUMBAI,N100000494,21/02/26,1299.00,,-473985.00
21/02/26,POS 873212 DOMINOS ANDHERI W MUMBAI CARD XX4777,N100000495,21/02/26,2499.00,,-476484.00
21/02/26,POS 597958 KFC POWAI MUMBAI CARD XX7437,N100000496,21/02/26,349.00,,-476833.00
21/02/26,UPI-NETMEDS-netmeds@ybl-PAYTMBANK-100000497,N100000497,21/02/26,349.00,,-477182.00
21/02/26,UPI-UBER-uber@axisbank-AXISBANK-100000498,N100000498,21/02/26,1299.00,,-478481.00
22/02/26,POS 561084 HP PETROL CHEMBUR MUMBAI,N100000499,22/02/26,249.00,,-478730.00
22/02/26,POS 463130 RELIANCE FRESH GHATKOPAR MUMBAI,N100000500,22/02/26,799.00,,-479529.00
22/02/26,UPI-RAPIDO-rapido@ibl-HDFCBANK-100000501,N100000501,22/02/26,99.00,,-479628.00
22/02/26,UPI-RAPIDO-rapido@ibl-HDFCBANK-100000502,N100000502,22/02/26,799.00,,-480427.00
23/02/26,POS 904059 KFC POWAI MUMBAI CARD XX3556,N100000503,23/02/26,349.00,,-480776.00
23/02/26,UPI-AMAZON PAY-amazonpay@icici-ICICIBANK-100000504,N100000504,23/02/26,149.00,,-480925.00
23/02/26,UPI-AMAZON PAY-amazonpay@icici-ICICIBANK-100000505,N100000505,23/02/26,1299.00,,-482224.00
23/02/26,UPI-BOOKMYSHOW-bms@icici-ICICIBANK-100000506,N100000506,23/02/26,1899.00,,-484123.00
24/02/26,BBPS/ELECTRICITY/ADANI ELECTRICITY MUMBAI/00000507,N100000507,24/02/26,249.00,,-484372.00
24/02/26,POS 828273 APOLLO PHARMACY BANDRA MUMBAI,N100000508,24/02/26,299.00,,-484671.00
24/02/26,UPI-OLA-ola@ybl-PAYTMBANK-100000509,N100000509,24/02/26,499.00,,-485170.00
24/02/26,UPI-PHARMEASY-pharmeasy@ibl-HDFCBANK-100000510,N100000510,24/02/26,1299.00,,-486469.00
25/02/26,UPI-BIGBASKET-bigbasket@ybl-PAYTMBANK-100000511,N100000511,25/02/26,299.00,,-486768.00
25/02/26,UPI-BIGBASKET-bigbasket@ybl-PAYTMBANK-100000512,N100000512,25/02/26,1899.00,,-488667.00
25/02/26,UPI-PHARMEASY-pharmeasy@ibl-HDFCBANK-100000513,N100000513,25/02/26,799.00,,-489466.00
25/02/26,UPI-RAPIDO-rapido@ibl-HDFCBANK-100000514,N100000514,25/02/26,1899.00,,-491365.00
26/02/26,ECOM MYNTRA.COM CARD XXXX7755,N100000515,26/02/26,799.00,,-492164.00
26/02/26,POS 439753 HP PETROL CHEMBUR MUMBAI,N100000516,26/02/26,799.00,,-492963.00
26/02/26,UPI-BOOKMYSHOW-bms@icici-ICICIBANK-100000517,N100000517,26/02/26,49.00,,-493012.00
26/02/26,UPI-NETMEDS-netmeds@ybl-PAYTMBANK-100000518,N100000518,26/02/26,199.00,,-493211.00
27/02/26,POS 658153 KFC POWAI MUMBAI CARD XX4083,N100000519,27/02/26,499.00,,-493710.00
27/02/26,POS 748072 STARBUCKS BANDRA MUMBAI,N100000520,27/02/26,49.00,,-493759.00
27/02/26,UPI-AIRTEL-airtel@ybl-YESBANK-100000521,N100000521,27/02/26,1899.00,,-495658.00
27/02/26,UPI-BOOKMYSHOW-bms@icici-ICICIBANK-100000522,N100000522,27/02/26,1899.00,,-497557.00
28/02/26,BBPS/BROADBAND/ACT FIBERNET/00000523,N100000523,28/02/26,199.00,,-497756.00
28/02/26,POS 855002 DMART POWAI MUMBAI,N100000524,28/02/26,199.00,,-497955.00
28/02/26,POS 964430 INOX R CITY MUMBAI,N100000525,28/02/26,299.00,,-498254.00
28/02/26,UPI-BIGBASKET-bigbasket@ybl-PAYTMBANK-100000526,N100000526,28/02/26,49.00,,-498303.00
01/03/26,NEFT-HDFC0001234-ABC TECHNOLOGIES PVT LTD-SALARY MAR26-N100000527,N100000527,01/03/26,,85000.00,-413303.00
01/03/26,BBPS/ELECTRICITY/TATA POWER MUMBAI/00000528,N100000528,01/03/26,199.00,,-413502.00
01/03/26,POS 541996 BHARAT PETROLEUM MUMBAI,N100000529,01/03/26,499.00,,-414001.00
01/03/26,UPI-AMAZON PAY-amazonpay@icici-ICICIBANK-100000530,N100000530,01/03/26,799.00,,-414800.00
01/03/26,UPI-ZOMATO-zomato@paytm-YESBANK-000531,N100000531,01/03/26,1299.00,,-416099.00
02/03/26,POS 671939 FORTIS HOSPITAL MULUND MUMBAI,N100000532,02/03/26,299.00,,-416398.00
02/03/26,POS 923293 HP PETROL CHEMBUR MUMBAI,N100000533,02/03/26,1899.00,,-418297.00
02/03/26,POS 605947 KFC POWAI MUMBAI CARD XX7265,N100000534,02/03/26,249.00,,-418546.00
02/03/26,UPI-NETMEDS-netmeds@ybl-PAYTMBANK-100000535,N100000535,02/03/26,2499.00,,-421045.00
03/03/26,POS 474166 FORTIS HOSPITAL MULUND MUMBAI,N100000536,03/03/26,299.00,,-421344.00
03/03/26,UPI-AIRTEL-airtel@ybl-YESBANK-100000537,N100000537,03/03/26,49.00,,-421393.00
03/03/26,UPI-RAPIDO-rapido@ibl-HDFCBANK-100000538,N100000538,03/03/26,149.00,,-421542.00
03/03/26,UPI-UBER-uber@axisbank-AXISBANK-100000539,N100000539,03/03/26,49.00,,-421591.00
04/03/26,BBPS/ELECTRICITY/ADANI ELECTRICITY MUMBAI/00000540,N100000540,04/03/26,299.00,,-421890.00
04/03/26,POS 987478 HALDIRAMS PHOENIX MUMBAI,N100000541,04/03/26,99.00,,-421989.00
04/03/26,UPI-OLA-ola@ybl-PAYTMBANK-100000542,N100000542,04/03/26,299.00,,-422288.00
04/03/26,UPI-UBER-uber@axisbank-AXISBANK-100000543,N100000543,04/03/26,199.00,,-422487.00
05/03/26,POS 841418 FORTIS HOSPITAL MULUND MUMBAI,N100000544,05/03/26,2499.00,,-424986.00
05/03/26,POS 545373 HALDIRAMS PHOENIX MUMBAI,N100000545,05/03/26,499.00,,-425485.00
05/03/26,POS 802166 INDIAN OIL VILE PARLE MUMBAI,N100000546,05/03/26,349.00,,-425834.00
05/03/26,POS 179096 PVR CINEMAS MUMBAI CARD XX1185,N100000547,05/03/26,49.00,,-425883.00
05/03/26,NEFT DR-SBIN0012345-KUMAR LANDLORD-RENT MAR26-N100000548,N100000548,05/03/26,18000.00,,-443883.00
05/03/26,UPI-ZOMATO-zomato@paytm-YESBANK-000549,N100000549,05/03/26,249.00,,-444132.00
06/03/26,POS 321263 BHARAT PETROLEUM MUMBAI,N100000550,06/03/26,499.00,,-444631.00
06/03/26,POS 284076 PVR CINEMAS MUMBAI CARD XX4790,N100000551,06/03/26,499.00,,-445130.00
06/03/26,UPI-JIO-jio@paytm-PAYTMBANK-100000552,N100000552,06/03/26,2499.00,,-447629.00
06/03/26,UPI-VI-vi@ibl-HDFCBANK-100000553,N100000553,06/03/26,799.00,,-448428.00
07/03/26,POS 628451 CCD LINKING RD MUMBAI,N100000554,07/03/26,99.00,,-448527.00
07/03/26,POS 612001 INOX R CITY MUMBAI,N100000555,07/03/26,2499.00,,-451026.00
07/03/26,POS 250761 INDIAN OIL VILE PARLE MUMBAI,N100000556,07/03/26,499.00,,-451525.00
07/03/26,UPI-AIRTEL-airtel@ybl-YESBANK-100000557,N100000557,07/03/26,49.00,,-451574.00
08/03/26,BBPS/ELECTRICITY/ADANI ELECTRICITY MUMBAI/00000558,N100000558,08/03/26,99.00,,-451673.00
08/03/26,UPI-ACT FIBERNET-act@axisbank-AXISBANK-ACT987654,N100000559,08/03/26,999.00,,-452672.00
08/03/26,POS 531978 INOX R CITY MUMBAI,N100000560,08/03/26,349.00,,-453021.00
08/03/26,POS 474037 INDIAN OIL VILE PARLE MUMBAI,N100000561,08/03/26,1299.00,,-454320.00
08/03/26,UPI-BIGBASKET-bigbasket@ybl-PAYTMBANK-100000562,N100000562,08/03/26,1299.00,,-455619.00
09/03/26,BBPS/BROADBAND/ACT FIBERNET/00000563,N100000563,09/03/26,2499.00,,-458118.00
09/03/26,POS 182554 CCD LINKING RD MUMBAI,N100000564,09/03/26,2499.00,,-460617.00
09/03/26,POS 920537 DOMINOS ANDHERI W MUMBAI CARD XX3035,N100000565,09/03/26,49.00,,-460666.00
09/03/26,POS 104044 STARBUCKS BANDRA MUMBAI,N100000566,09/03/26,2499.00,,-463165.00
09/03/26,UPI-UBER-uber@axisbank-AXISBANK-100000567,N100000567,09/03/26,349.00,,-463514.00
10/03/26,BBPS/ADANI ELECTRICITY MUMBAI/N100000568,N100000568,10/03/26,3156.00,,-466670.00
10/03/26,POS 994173 FLIPKART PAYMENTS MUMBAI CARD XX2010,N100000569,10/03/26,349.00,,-467019.00
10/03/26,POS 564445 HALDIRAMS PHOENIX MUMBAI,N100000570,10/03/26,299.00,,-467318.00
10/03/26,POS 682636 KFC POWAI MUMBAI CARD XX9037,N100000571,10/03/26,199.00,,-467517.00
10/03/26,POS 471088 STARBUCKS BANDRA MUMBAI,N100000572,10/03/26,2499.00,,-470016.00
11/03/26,BBPS/ELECTRICITY/TATA POWER MUMBAI/00000573,N100000573,11/03/26,799.00,,-470815.00
11/03/26,BBPS/ELECTRICITY/TATA POWER MUMBAI/00000574,N100000574,11/03/26,2499.00,,-473314.00
11/03/26,POS 690460 CCD LINKING RD MUMBAI,N100000575,11/03/26,99.00,,-473413.00
11/03/26,UPI-BOOKMYSHOW-bms@icici-ICICIBANK-100000576,N100000576,11/03/26,149.00,,-473562.00
12/03/26,UPI-NETFLIX-netflix@icici-ICICIBANK-NFLX001,N100000577,12/03/26,499.00,,-474061.00
12/03/26,POS 941344 DOMINOS ANDHERI W MUMBAI CARD XX3490,N100000578,12/03/26,799.00,,-474860.00
12/03/26,POS 221614 INDIAN OIL VILE PARLE MUMBAI,N100000579,12/03/26,349.00,,-475209.00
12/03/26,POS 240186 STARBUCKS BANDRA MUMBAI,N100000580,12/03/26,199.00,,-475408.00
12/03/26,UPI-ZOMATO-zomato@paytm-YESBANK-000581,N100000581,12/03/26,799.00,,-476207.00
13/03/26,POS 219915 CCD LINKING RD MUMBAI,N100000582,13/03/26,1299.00,,-477506.00
13/03/26,POS 914474 DMART POWAI MUMBAI,N100000583,13/03/26,299.00,,-477805.00
13/03/26,POS 553110 FLIPKART PAYMENTS MUMBAI CARD XX9969,N100000584,13/03/26,249.00,,-478054.00
13/03/26,UPI-SWIGGY-swiggy@ybl-PAYTMBANK-000585,N100000585,13/03/26,799.00,,-478853.00
14/03/26,BBPS/BROADBAND/ACT FIBERNET/00000586,N100000586,14/03/26,349.00,,-479202.00
14/03/26,POS 548968 CCD LINKING RD MUMBAI,N100000587,14/03/26,1299.00,,-480501.00
14/03/26,UPI-AMAZON PAY-amazonpay@icici-ICICIBANK-100000588,N100000588,14/03/26,1899.00,,-482400.00
14/03/26,UPI-SWIGGY-swiggy@ybl-PAYTMBANK-000589,N100000589,14/03/26,299.00,,-482699.00
15/03/26,NEFT DR-HDFC0099887-UNKNOWN BENEFICIARY-LARGE TXN SUN-N100000590,N100000590,15/03/26,95000.00,,-577699.00
15/03/26,ECOM MYNTRA.COM CARD XXXX7563,N100000591,15/03/26,199.00,,-577898.00
15/03/26,POS 822244 INOX R CITY MUMBAI,N100000592,15/03/26,49.00,,-577947.00
15/03/26,POS 100146 STARBUCKS BANDRA MUMBAI,N100000593,15/03/26,799.00,,-578746.00
15/03/26,UPI-SPOTIFY-spotify@ybl-PAYTMBANK-SPT002,N100000594,15/03/26,119.00,,-578865.00
15/03/26,UPI-UBER-uber@axisbank-AXISBANK-100000595,N100000595,15/03/26,199.00,,-579064.00
16/03/26,ECOM MYNTRA.COM CARD XXXX9915,N100000596,16/03/26,199.00,,-579263.00
16/03/26,POS 583533 FORTIS HOSPITAL MULUND MUMBAI,N100000597,16/03/26,349.00,,-579612.00
16/03/26,POS 363834 HALDIRAMS PHOENIX MUMBAI,N100000598,16/03/26,1899.00,,-581511.00
16/03/26,UPI-VI-vi@ibl-HDFCBANK-100000599,N100000599,16/03/26,1899.00,,-583410.00
17/03/26,BBPS/BROADBAND/ACT FIBERNET/00000600,N100000600,17/03/26,2499.00,,-585909.00
17/03/26,BBPS/ELECTRICITY/TATA POWER MUMBAI/00000601,N100000601,17/03/26,299.00,,-586208.00
17/03/26,POS 157806 INOX R CITY MUMBAI,N100000602,17/03/26,249.00,,-586457.00
17/03/26,POS 239950 STARBUCKS BANDRA MUMBAI,N100000603,17/03/26,499.00,,-586956.00
18/03/26,POS 946147 FORTIS HOSPITAL MULUND MUMBAI,N100000604,18/03/26,249.00,,-587205.00
18/03/26,POS 234391 FORTIS HOSPITAL MULUND MUMBAI,N100000605,18/03/26,499.00,,-587704.00
18/03/26,POS 535025 MCDONALDS ANDHERI W MUMBAI,N100000606,18/03/26,499.00,,-588203.00
18/03/26,UPI-AMAZON PAY-amazonpay@icici-ZZZ345678,N100000607,18/03/26,299.00,,-588502.00
18/03/26,UPI-JIO-jio@paytm-PAYTMBANK-100000608,N100000608,18/03/26,1899.00,,-590401.00
19/03/26,POS 380340 DMART POWAI MUMBAI,N100000609,19/03/26,249.00,,-590650.00
19/03/26,POS 702717 STARBUCKS BANDRA MUMBAI,N100000610,19/03/26,349.00,,-590999.00
19/03/26,UPI-SWIGGY-swiggy@ybl-PAYTMBANK-000611,N100000611,19/03/26,299.00,,-591298.00
19/03/26,UPI-OLA-ola@ybl-PAYTMBANK-100000612,N100000612,19/03/26,199.00,,-591497.00
20/03/26,BBPS/ELECTRICITY/ADANI ELECTRICITY MUMBAI/00000613,N100000613,20/03/26,799.00,,-592296.00
20/03/26,UPI-HOTSTAR-hotstar@paytm-PAYTM-HTS003,N100000614,20/03/26,299.00,,-592595.00
20/03/26,POS 963748 HALDIRAMS PHOENIX MUMBAI,N100000615,20/03/26,299.00,,-592894.00
20/03/26,POS 534340 HP PETROL CHEMBUR MUMBAI,N100000616,20/03/26,349.00,,-593243.00
20/03/26,UPI-AMAZON PAY-amazonpay@icici-ICICIBANK-100000617,N100000617,20/03/26,299.00,,-593542.00
21/03/26,BBPS/ELECTRICITY/ADANI ELECTRICITY MUMBAI/00000618,N100000618,21/03/26,49.00,,-593591.00
21/03/26,POS 817675 PVR CINEMAS MUMBAI CARD XX6624,N100000619,21/03/26,1899.00,,-595490.00
21/03/26,UPI-AMAZON PAY-amazonpay@icici-ICICIBANK-100000620,N100000620,21/03/26,299.00,,-595789.00
21/03/26,UPI-SWIGGY-swiggy@ybl-PAYTMBANK-000621,N100000621,21/03/26,299.00,,-596088.00
22/03/26,BBPS/ELECTRICITY/ADANI ELECTRICITY MUMBAI/00000622,N100000622,22/03/26,349.00,,-596437.00
22/03/26,POS 413164 RELIANCE FRESH GHATKOPAR MUMBAI,N100000623,22/03/26,2499.00,,-598936.00
22/03/26,POS 493508 RELIANCE FRESH GHATKOPAR MUMBAI,N100000624,22/03/26,499.00,,-599435.00
22/03/26,UPI-UBER-uber@axisbank-AXISBANK-100000625,N100000625,22/03/26,99.00,,-599534.00
23/03/26,BBPS/BROADBAND/ACT FIBERNET/00000626,N100000626,23/03/26,249.00,,-599783.00
23/03/26,POS 138648 APOLLO PHARMACY BANDRA MUMBAI,N100000627,23/03/26,49.00,,-599832.00
23/03/26,POS 265880 RELIANCE FRESH GHATKOPAR MUMBAI,N100000628,23/03/26,149.00,,-599981.00
23/03/26,UPI-NETMEDS-netmeds@ybl-PAYTMBANK-100000629,N100000629,23/03/26,99.00,,-600080.00
24/03/26,POS 559071 KFC POWAI MUMBAI CARD XX7935,N100000630,24/03/26,49.00,,-600129.00
24/03/26,POS 995578 MCDONALDS ANDHERI W MUMBAI,N100000631,24/03/26,299.00,,-600428.00
24/03/26,POS 551220 STARBUCKS BANDRA MUMBAI,N100000632,24/03/26,799.00,,-601227.00
24/03/26,UPI-JIO-jio@paytm-PAYTMBANK-100000633,N100000633,24/03/26,199.00,,-601426.00
25/03/26,BBPS/BROADBAND/ACT FIBERNET/00000634,N100000634,25/03/26,1299.00,,-602725.00
25/03/26,POS 472329 HALDIRAMS PHOENIX MUMBAI,N100000635,25/03/26,1899.00,,-604624.00
25/03/26,POS 943623 INDIAN OIL VILE PARLE MUMBAI,N100000636,25/03/26,149.00,,-604773.00
25/03/26,UPI-AIRTEL-airtel@ybl-YESBANK-100000637,N100000637,25/03/26,49.00,,-604822.00
26/03/26,BBPS/ELECTRICITY/TATA POWER MUMBAI/00000638,N100000638,26/03/26,199.00,,-605021.00
26/03/26,POS 764475 BHARAT PETROLEUM MUMBAI,N100000639,26/03/26,99.00,,-605120.00
26/03/26,POS 742640 DOMINOS ANDHERI W MUMBAI CARD XX9080,N100000640,26/03/26,249.00,,-605369.00
26/03/26,POS 546670 HP PETROL CHEMBUR MUMBAI,N100000641,26/03/26,499.00,,-605868.00
27/03/26,ECOM MYNTRA.COM CARD XXXX7596,N100000642,27/03/26,349.00,,-606217.00
27/03/26,POS 672533 FLIPKART PAYMENTS MUMBAI CARD XX4234,N100000643,27/03/26,799.00,,-607016.00
27/03/26,POS 479693 HALDIRAMS PHOENIX MUMBAI,N100000644,27/03/26,199.00,,-607215.00
27/03/26,POS 624669 RELIANCE FRESH GHATKOPAR MUMBAI,N100000645,27/03/26,1299.00,,-608514.00
28/03/26,POS 998877 FOREX CARD LOAD SINGAPORE CARD XX2233,N100000646,28/03/26,41000.00,,-649514.00
28/03/26,BBPS/ELECTRICITY/TATA POWER MUMBAI/00000647,N100000647,28/03/26,349.00,,-649863.00
28/03/26,POS 247618 KFC POWAI MUMBAI CARD XX1496,N100000648,28/03/26,49.00,,-649912.00
28/03/26,POS 384671 MCDONALDS ANDHERI W MUMBAI,N100000649,28/03/26,499.00,,-650411.00
28/03/26,UPI-UBER-uber@axisbank-AXISBANK-100000650,N100000650,28/03/26,249.00,,-650660.00
29/03/26,BBPS/ELECTRICITY/TATA POWER MUMBAI/00000651,N100000651,29/03/26,2499.00,,-653159.00
29/03/26,POS 730936 FORTIS HOSPITAL MULUND MUMBAI,N100000652,29/03/26,799.00,,-653958.00
29/03/26,UPI-BIGBASKET-bigbasket@ybl-PAYTMBANK-100000653,N100000653,29/03/26,799.00,,-654757.00
29/03/26,UPI-RAPIDO-rapido@ibl-HDFCBANK-100000654,N100000654,29/03/26,349.00,,-655106.00
30/03/26,BBPS/ELECTRICITY/TATA POWER MUMBAI/00000655,N100000655,30/03/26,149.00,,-655255.00
30/03/26,POS 192565 FORTIS HOSPITAL MULUND MUMBAI,N100000656,30/03/26,99.00,,-655354.00
30/03/26,POS 453893 INOX R CITY MUMBAI,N100000657,30/03/26,799.00,,-656153.00
30/03/26,UPI-SWIGGY-swiggy@ybl-PAYTMBANK-000658,N100000658,30/03/26,99.00,,-656252.00
31/03/26,POS 701216 DMART POWAI MUMBAI,N100000659,31/03/26,499.00,,-656751.00
31/03/26,POS 278452 PVR CINEMAS MUMBAI CARD XX2537,N100000660,31/03/26,799.00,,-657550.00
31/03/26,UPI-AMAZON PAY-amazonpay@icici-ICICIBANK-100000661,N100000661,31/03/26,499.00,,-658049.00
31/03/26,UPI-JIO-jio@paytm-PAYTMBANK-100000662,N100000662,31/03/26,2499.00,,-660548.00
01/04/26,NEFT-HDFC0001234-ABC TECHNOLOGIES PVT LTD-SALARY APR26-N100000663,N100000663,01/04/26,,85000.00,-575548.00
01/04/26,POS 300483 FLIPKART PAYMENTS MUMBAI CARD XX6675,N100000664,01/04/26,1299.00,,-576847.00
01/04/26,UPI-AIRTEL-airtel@ybl-YESBANK-100000665,N100000665,01/04/26,1899.00,,-578746.00
01/04/26,UPI-JIO-jio@paytm-PAYTMBANK-100000666,N100000666,01/04/26,249.00,,-578995.00
01/04/26,UPI-PHARMEASY-pharmeasy@ibl-HDFCBANK-100000667,N100000667,01/04/26,1899.00,,-580894.00
02/04/26,POS 334455 DUPLICATE MERCHANT MUMBAI CARD XX5757,N100000668,02/04/26,2500.00,,-583394.00
02/04/26,POS 334455 DUPLICATE MERCHANT MUMBAI CARD XX7005,N100000669,02/04/26,2500.00,,-585894.00
02/04/26,BBPS/BROADBAND/ACT FIBERNET/00000670,N100000670,02/04/26,499.00,,-586393.00
02/04/26,POS 681226 DOMINOS ANDHERI W MUMBAI CARD XX4341,N100000671,02/04/26,499.00,,-586892.00
02/04/26,POS 966247 FLIPKART PAYMENTS MUMBAI CARD XX5315,N100000672,02/04/26,2499.00,,-589391.00
02/04/26,POS 117222 FLIPKART PAYMENTS MUMBAI CARD XX2681,N100000673,02/04/26,149.00,,-589540.00
03/04/26,BBPS/ELECTRICITY/ADANI ELECTRICITY MUMBAI/00000674,N100000674,03/04/26,799.00,,-590339.00
03/04/26,POS 799194 KFC POWAI MUMBAI CARD XX6359,N100000675,03/04/26,349.00,,-590688.00
03/04/26,POS 918735 PVR CINEMAS MUMBAI CARD XX3043,N100000676,03/04/26,99.00,,-590787.00
03/04/26,UPI-AIRTEL-airtel@ybl-YESBANK-100000677,N100000677,03/04/26,99.00,,-590886.00
04/04/26,BBPS/BROADBAND/ACT FIBERNET/00000678,N100000678,04/04/26,1899.00,,-592785.00
04/04/26,ECOM MYNTRA.COM CARD XXXX7263,N100000679,04/04/26,2499.00,,-595284.00
04/04/26,POS 737910 MCDONALDS ANDHERI W MUMBAI,N100000680,04/04/26,99.00,,-595383.00
04/04/26,UPI-BIGBASKET-bigbasket@ybl-PAYTMBANK-100000681,N100000681,04/04/26,149.00,,-595532.00
04/04/26,UPI-RAPIDO-rapido@ibl-HDFCBANK-100000682,N100000682,04/04/26,49.00,,-595581.00
05/04/26,POS 493499 HALDIRAMS PHOENIX MUMBAI,N100000683,05/04/26,199.00,,-595780.00
05/04/26,POS 347312 KFC POWAI MUMBAI CARD XX2478,N100000684,05/04/26,199.00,,-595979.00
05/04/26,NEFT DR-SBIN0012345-KUMAR LANDLORD-RENT APR26-N100000685,N100000685,05/04/26,18000.00,,-613979.00
05/04/26,UPI-NETMEDS-netmeds@ybl-PAYTMBANK-100000686,N100000686,05/04/26,199.00,,-614178.00
05/04/26,UPI-PHARMEASY-pharmeasy@ibl-HDFCBANK-100000687,N100000687,05/04/26,2499.00,,-616677.00
06/04/26,POS 456899 DOMINOS ANDHERI W MUMBAI CARD XX1480,N100000688,06/04/26,299.00,,-616976.00
06/04/26,POS 848945 INOX R CITY MUMBAI,N100000689,06/04/26,799.00,,-617775.00
06/04/26,POS 812171 KFC POWAI MUMBAI CARD XX2277,N100000690,06/04/26,299.00,,-618074.00
06/04/26,UPI-PHARMEASY-pharmeasy@ibl-HDFCBANK-100000691,N100000691,06/04/26,2499.00,,-620573.00
07/04/26,BBPS/ELECTRICITY/TATA POWER MUMBAI/00000692,N100000692,07/04/26,99.00,,-620672.00
07/04/26,POS 867357 KFC POWAI MUMBAI CARD XX5678,N100000693,07/04/26,499.00,,-621171.00
07/04/26,POS 248132 PVR CINEMAS MUMBAI CARD XX2128,N100000694,07/04/26,799.00,,-621970.00
07/04/26,UPI-BIGBASKET-bigbasket@ybl-PAYTMBANK-100000695,N100000695,07/04/26,1899.00,,-623869.00
08/04/26,UPI-ACT FIBERNET-act@axisbank-AXISBANK-ACT987654,N100000696,08/04/26,999.00,,-624868.00
08/04/26,POS 666469 CCD LINKING RD MUMBAI,N100000697,08/04/26,349.00,,-625217.00
08/04/26,UPI-ZOMATO-zomato@paytm-YESBANK-000698,N100000698,08/04/26,49.00,,-625266.00
08/04/26,UPI-JIO-jio@paytm-PAYTMBANK-100000699,N100000699,08/04/26,2499.00,,-627765.00
08/04/26,UPI-RAPIDO-rapido@ibl-HDFCBANK-100000700,N100000700,08/04/26,149.00,,-627914.00
09/04/26,POS 716181 APOLLO PHARMACY BANDRA MUMBAI,N100000701,09/04/26,1299.00,,-629213.00
09/04/26,POS 715711 INOX R CITY MUMBAI,N100000702,09/04/26,2499.00,,-631712.00
09/04/26,POS 309230 INDIAN OIL VILE PARLE MUMBAI,N100000703,09/04/26,199.00,,-631911.00
09/04/26,UPI-SWIGGY-swiggy@ybl-PAYTMBANK-000704,N100000704,09/04/26,199.00,,-632110.00
10/04/26,UPI-SWIGGY-swiggy@ybl-PAYTMBANK-BRST000000705,N100000705,10/04/26,120.00,,-632230.00
10/04/26,UPI-SWIGGY-swiggy@ybl-PAYTMBANK-BRST001000706,N100000706,10/04/26,137.00,,-632367.00
10/04/26,UPI-SWIGGY-swiggy@ybl-PAYTMBANK-BRST002000707,N100000707,10/04/26,154.00,,-632521.00
10/04/26,UPI-SWIGGY-swiggy@ybl-PAYTMBANK-BRST003000708,N100000708,10/04/26,171.00,,-632692.00
10/04/26,UPI-SWIGGY-swiggy@ybl-PAYTMBANK-BRST004000709,N100000709,10/04/26,188.00,,-632880.00
10/04/26,BBPS/ADANI ELECTRICITY MUMBAI/N100000710,N100000710,10/04/26,2299.00,,-635179.00
10/04/26,POS 337819 APOLLO PHARMACY BANDRA MUMBAI,N100000711,10/04/26,249.00,,-635428.00
10/04/26,POS 371493 MCDONALDS ANDHERI W MUMBAI,N100000712,10/04/26,199.00,,-635627.00
10/04/26,UPI-BOOKMYSHOW-bms@icici-ICICIBANK-100000713,N100000713,10/04/26,299.00,,-635926.00
10/04/26,UPI-SWIGGY-swiggy@ybl-PAYTMBANK-000714,N100000714,10/04/26,499.00,,-636425.00
11/04/26,BBPS/ELECTRICITY/ADANI ELECTRICITY MUMBAI/00000715,N100000715,11/04/26,799.00,,-637224.00
11/04/26,POS 990846 FORTIS HOSPITAL MULUND MUMBAI,N100000716,11/04/26,99.00,,-637323.00
11/04/26,UPI-BOOKMYSHOW-bms@icici-ICICIBANK-100000717,N100000717,11/04/26,299.00,,-637622.00
11/04/26,UPI-JIO-jio@paytm-PAYTMBANK-100000718,N100000718,11/04/26,99.00,,-637721.00
12/04/26,BBPS/BROADBAND/ACT FIBERNET/00000719,N100000719,12/04/26,799.00,,-638520.00
12/04/26,UPI-NETFLIX-netflix@icici-ICICIBANK-NFLX001,N100000720,12/04/26,499.00,,-639019.00
12/04/26,POS 725388 DMART POWAI MUMBAI,N100000721,12/04/26,299.00,,-639318.00
12/04/26,POS 785692 FORTIS HOSPITAL MULUND MUMBAI,N100000722,12/04/26,799.00,,-640117.00
12/04/26,UPI-OLA-ola@ybl-PAYTMBANK-100000723,N100000723,12/04/26,149.00,,-640266.00
13/04/26,POS 207184 HALDIRAMS PHOENIX MUMBAI,N100000724,13/04/26,2499.00,,-642765.00
13/04/26,UPI-SWIGGY-swiggy@ybl-PAYTMBANK-000725,N100000725,13/04/26,2499.00,,-645264.00
13/04/26,UPI-JIO-jio@paytm-PAYTMBANK-100000726,N100000726,13/04/26,799.00,,-646063.00
13/04/26,UPI-NETMEDS-netmeds@ybl-PAYTMBANK-100000727,N100000727,13/04/26,1899.00,,-647962.00
14/04/26,POS 126197 PVR CINEMAS MUMBAI CARD XX5094,N100000728,14/04/26,1299.00,,-649261.00
14/04/26,POS 187999 RELIANCE FRESH GHATKOPAR MUMBAI,N100000729,14/04/26,149.00,,-649410.00
14/04/26,UPI-AMAZON PAY-amazonpay@icici-ICICIBANK-100000730,N100000730,14/04/26,249.00,,-649659.00
14/04/26,UPI-JIO-jio@paytm-PAYTMBANK-100000731,N100000731,14/04/26,49.00,,-649708.00
15/04/26,POS 356043 APOLLO PHARMACY BANDRA MUMBAI,N100000732,15/04/26,349.00,,-650057.00
15/04/26,POS 799194 CCD LINKING RD MUMBAI,N100000733,15/04/26,299.00,,-650356.00
15/04/26,POS 170451 DOMINOS ANDHERI W MUMBAI CARD XX8684,N100000734,15/04/26,2499.00,,-652855.00
15/04/26,UPI-SPOTIFY-spotify@ybl-PAYTMBANK-SPT002,N100000735,15/04/26,119.00,,-652974.00
15/04/26,UPI-NETMEDS-netmeds@ybl-PAYTMBANK-100000736,N100000736,15/04/26,2499.00,,-655473.00
16/04/26,POS 226159 DMART POWAI MUMBAI,N100000737,16/04/26,99.00,,-655572.00
16/04/26,POS 239654 MCDONALDS ANDHERI W MUMBAI,N100000738,16/04/26,299.00,,-655871.00
16/04/26,POS 324145 STARBUCKS BANDRA MUMBAI,N100000739,16/04/26,349.00,,-656220.00
16/04/26,UPI-NETMEDS-netmeds@ybl-PAYTMBANK-100000740,N100000740,16/04/26,149.00,,-656369.00
17/04/26,BBPS/BROADBAND/ACT FIBERNET/00000741,N100000741,17/04/26,49.00,,-656418.00
17/04/26,POS 496001 CCD LINKING RD MUMBAI,N100000742,17/04/26,49.00,,-656467.00
17/04/26,UPI-BOOKMYSHOW-bms@icici-ICICIBANK-100000743,N100000743,17/04/26,99.00,,-656566.00
17/04/26,UPI-OLA-ola@ybl-PAYTMBANK-100000744,N100000744,17/04/26,1899.00,,-658465.00
18/04/26,UPI-AMAZON PAY-amazonpay@icici-ZZZ345678,N100000745,18/04/26,299.00,,-658764.00
18/04/26,UPI-AMAZON PAY-amazonpay@icici-ICICIBANK-100000746,N100000746,18/04/26,499.00,,-659263.00
18/04/26,UPI-BIGBASKET-bigbasket@ybl-PAYTMBANK-100000747,N100000747,18/04/26,499.00,,-659762.00
18/04/26,UPI-BIGBASKET-bigbasket@ybl-PAYTMBANK-100000748,N100000748,18/04/26,499.00,,-660261.00
18/04/26,UPI-UBER-uber@axisbank-AXISBANK-100000749,N100000749,18/04/26,199.00,,-660460.00
19/04/26,ECOM MYNTRA.COM CARD XXXX8014,N100000750,19/04/26,2499.00,,-662959.00
19/04/26,POS 999561 DOMINOS ANDHERI W MUMBAI CARD XX3849,N100000751,19/04/26,1299.00,,-664258.00
19/04/26,POS 597638 HP PETROL CHEMBUR MUMBAI,N100000752,19/04/26,199.00,,-664457.00
19/04/26,UPI-BIGBASKET-bigbasket@ybl-PAYTMBANK-100000753,N100000753,19/04/26,1299.00,,-665756.00
19/04/26,UPI-BOOKMYSHOW-bms@icici-ICICIBANK-100000754,N100000754,19/04/26,99.00,,-665855.00
20/04/26,BBPS/ELECTRICITY/TATA POWER MUMBAI/00000755,N100000755,20/04/26,199.00,,-666054.00
20/04/26,UPI-HOTSTAR-hotstar@paytm-PAYTM-HTS003,N100000756,20/04/26,299.00,,-666353.00
20/04/26,POS 319579 DOMINOS ANDHERI W MUMBAI CARD XX1312,N100000757,20/04/26,799.00,,-667152.00
20/04/26,UPI-AMAZON PAY-amazonpay@icici-ICICIBANK-100000758,N100000758,20/04/26,299.00,,-667451.00
20/04/26,UPI-BIGBASKET-bigbasket@ybl-PAYTMBANK-100000759,N100000759,20/04/26,99.00,,-667550.00
21/04/26,POS 564802 DMART POWAI MUMBAI,N100000760,21/04/26,1299.00,,-668849.00
21/04/26,POS 469011 FORTIS HOSPITAL MULUND MUMBAI,N100000761,21/04/26,49.00,,-668898.00
21/04/26,POS 235788 INDIAN OIL VILE PARLE MUMBAI,N100000762,21/04/26,1899.00,,-670797.00
21/04/26,UPI-ZOMATO-zomato@paytm-YESBANK-000763,N100000763,21/04/26,349.00,,-671146.00
22/04/26,POS 183269 APOLLO PHARMACY BANDRA MUMBAI,N100000764,22/04/26,2499.00,,-673645.00
22/04/26,POS 784647 HP PETROL CHEMBUR MUMBAI,N100000765,22/04/26,199.00,,-673844.00
22/04/26,UPI-ZOMATO-zomato@paytm-YESBANK-000766,N100000766,22/04/26,349.00,,-674193.00
22/04/26,UPI-VI-vi@ibl-HDFCBANK-100000767,N100000767,22/04/26,249.00,,-674442.00
23/04/26,BBPS/ELECTRICITY/TATA POWER MUMBAI/00000768,N100000768,23/04/26,199.00,,-674641.00
23/04/26,POS 579322 CCD LINKING RD MUMBAI,N100000769,23/04/26,2499.00,,-677140.00
23/04/26,POS 134239 DMART POWAI MUMBAI,N100000770,23/04/26,199.00,,-677339.00
23/04/26,POS 574814 RELIANCE FRESH GHATKOPAR MUMBAI,N100000771,23/04/26,499.00,,-677838.00
24/04/26,BBPS/BROADBAND/ACT FIBERNET/00000772,N100000772,24/04/26,2499.00,,-680337.00
24/04/26,POS 953001 PVR CINEMAS MUMBAI CARD XX4581,N100000773,24/04/26,499.00,,-680836.00
24/04/26,UPI-JIO-jio@paytm-PAYTMBANK-100000774,N100000774,24/04/26,499.00,,-681335.00
24/04/26,UPI-JIO-jio@paytm-PAYTMBANK-100000775,N100000775,24/04/26,49.00,,-681384.00
25/04/26,BBPS/BROADBAND/ACT FIBERNET/00000776,N100000776,25/04/26,99.00,,-681483.00
25/04/26,POS 460890 INDIAN OIL VILE PARLE MUMBAI,N100000777,25/04/26,2499.00,,-683982.00
25/04/26,UPI-NETMEDS-netmeds@ybl-PAYTMBANK-100000778,N100000778,25/04/26,299.00,,-684281.00
25/04/26,UPI-PHARMEASY-pharmeasy@ibl-HDFCBANK-100000779,N100000779,25/04/26,799.00,,-685080.00
26/04/26,BBPS/ELECTRICITY/ADANI ELECTRICITY MUMBAI/00000780,N100000780,26/04/26,199.00,,-685279.00
26/04/26,ECOM MYNTRA.COM CARD XXXX6953,N100000781,26/04/26,349.00,,-685628.00
26/04/26,POS 954079 CCD LINKING RD MUMBAI,N100000782,26/04/26,499.00,,-686127.00
26/04/26,UPI-BIGBASKET-bigbasket@ybl-PAYTMBANK-100000783,N100000783,26/04/26,199.00,,-686326.00
27/04/26,BBPS/ELECTRICITY/ADANI ELECTRICITY MUMBAI/00000784,N100000784,27/04/26,299.00,,-686625.00
27/04/26,POS 678683 DMART POWAI MUMBAI,N100000785,27/04/26,349.00,,-686974.00
27/04/26,POS 837125 HALDIRAMS PHOENIX MUMBAI,N100000786,27/04/26,349.00,,-687323.00
27/04/26,UPI-SWIGGY-swiggy@ybl-PAYTMBANK-000787,N100000787,27/04/26,349.00,,-687672.00
27/04/26,UPI-RAPIDO-rapido@ibl-HDFCBANK-100000788,N100000788,27/04/26,99.00,,-687771.00
28/04/26,BBPS/ELECTRICITY/ADANI ELECTRICITY MUMBAI/00000789,N100000789,28/04/26,2499.00,,-690270.00
28/04/26,POS 289887 FLIPKART PAYMENTS MUMBAI CARD XX3042,N100000790,28/04/26,1899.00,,-692169.00
28/04/26,POS 186435 HALDIRAMS PHOENIX MUMBAI,N100000791,28/04/26,199.00,,-692368.00
28/04/26,UPI-OLA-ola@ybl-PAYTMBANK-100000792,N100000792,28/04/26,1299.00,,-693667.00
29/04/26,BBPS/ELECTRICITY/ADANI ELECTRICITY MUMBAI/00000793,N100000793,29/04/26,149.00,,-693816.00
29/04/26,POS 546889 STARBUCKS BANDRA MUMBAI,N100000794,29/04/26,2499.00,,-696315.00
29/04/26,UPI-BOOKMYSHOW-bms@icici-ICICIBANK-100000795,N100000795,29/04/26,799.00,,-697114.00
29/04/26,UPI-PHARMEASY-pharmeasy@ibl-HDFCBANK-100000796,N100000796,29/04/26,249.00,,-697363.00
30/04/26,BBPS/ELECTRICITY/ADANI ELECTRICITY MUMBAI/00000797,N100000797,30/04/26,249.00,,-697612.00
30/04/26,POS 452914 FLIPKART PAYMENTS MUMBAI CARD XX3501,N100000798,30/04/26,799.00,,-698411.00
30/04/26,UPI-AMAZON PAY-amazonpay@icici-ICICIBANK-100000799,N100000799,30/04/26,249.00,,-698660.00
30/04/26,UPI-ZOMATO-zomato@paytm-YESBANK-000800,N100000800,30/04/26,249.00,,-698909.00
